activity,next_activity,mean_wait_h,median_wait_h,p90_wait_h,cases,data_source
Assigned to Team,Manager Approval,30.2,30.83,47.93,584,synthetic demo data
Manager Approval,Security Review,19.13,19.17,30.17,530,synthetic demo data
Security Review,Implementation,7.84,7.92,12.68,499,synthetic demo data
Implementation,QA Verification,6.06,6.1,10.07,499,synthetic demo data
Triage,Assigned to Team,2.9,2.84,4.71,584,synthetic demo data
Request Submitted,Triage,2.05,2.03,3.31,600,synthetic demo data
QA Verification,Closed - Completed,2.04,2.07,3.26,499,synthetic demo data
Manager Approval,Closed - Rejected,1.0,1.0,1.0,54,synthetic demo data
Security Review,Closed - Cancelled,1.0,1.0,1.0,31,synthetic demo data
Triage,Closed - Cancelled,1.0,1.0,1.0,16,synthetic demo data
