case_id,start,end,cycle_days,events,outcome,handoffs,handoff_rate,month,data_source
REQ-0001,2026-05-19 16:29:24.467142342,2026-05-21 02:09:47.349026544,1.4,8,Completed,6,0.857,2026-05,synthetic demo data
REQ-0002,2026-03-22 10:40:02.106151860,2026-03-26 03:14:35.702045974,3.69,8,Completed,6,0.857,2026-03,synthetic demo data
REQ-0003,2026-05-29 08:21:59.986828636,2026-06-01 19:38:52.141113802,3.47,8,Completed,6,0.857,2026-05,synthetic demo data
REQ-0004,2026-01-09 06:13:56.165522981,2026-01-11 01:16:08.185857199,1.79,6,Cancelled,4,0.8,2026-01,synthetic demo data
REQ-0005,2026-03-25 21:28:51.976961365,2026-03-28 17:21:23.365409675,2.83,8,Completed,6,0.857,2026-03,synthetic demo data
REQ-0006,2026-05-25 05:34:55.287790264,2026-05-28 17:07:02.562960689,3.48,8,Completed,6,0.857,2026-05,synthetic demo data
REQ-0007,2026-05-07 07:18:51.968396764,2026-05-10 12:14:48.722468750,3.21,8,Completed,6,0.857,2026-05,synthetic demo data
REQ-0008,2026-05-18 01:47:42.230534032,2026-05-21 10:56:58.840904665,3.38,8,Completed,6,0.857,2026-05,synthetic demo data
REQ-0009,2026-06-02 23:42:04.595466520,2026-06-06 06:07:41.133799218,3.27,8,Completed,6,0.857,2026-06,synthetic demo data
REQ-0010,2026-03-14 12:35:28.469115977,2026-03-16 18:49:48.087858625,2.26,8,Completed,6,0.857,2026-03,synthetic demo data
REQ-0011,2026-01-28 18:59:17.821395195,2026-01-30 23:26:56.132055110,2.19,8,Completed,6,0.857,2026-01,synthetic demo data
REQ-0012,2026-06-22 12:23:52.479074048,2026-06-26 00:51:06.408262459,3.52,8,Completed,6,0.857,2026-06,synthetic demo data
REQ-0013,2026-01-18 17:24:32.243411221,2026-01-21 16:14:13.889609443,2.95,8,Completed,6,0.857,2026-01,synthetic demo data
REQ-0014,2026-05-09 21:04:47.890948968,2026-05-12 12:40:41.930901524,2.65,8,Completed,6,0.857,2026-05,synthetic demo data
REQ-0015,2026-02-28 18:00:01.574199477,2026-03-02 08:23:05.606362395,1.6,6,Cancelled,4,0.8,2026-02,synthetic demo data
REQ-0016,2026-04-14 23:11:02.844620542,2026-04-16 22:31:10.583537311,1.97,8,Completed,6,0.857,2026-04,synthetic demo data
REQ-0017,2026-03-29 16:51:15.176201509,2026-04-01 04:51:27.568015935,2.5,8,Completed,6,0.857,2026-03,synthetic demo data
REQ-0018,2026-05-29 02:34:52.005070652,2026-05-31 01:15:56.155337156,1.95,8,Completed,6,0.857,2026-05,synthetic demo data
REQ-0019,2026-01-20 18:26:27.191506103,2026-01-23 22:08:17.966487649,3.15,8,Completed,6,0.857,2026-01,synthetic demo data
REQ-0020,2026-06-20 21:31:31.392124674,2026-06-23 08:22:49.937897203,2.45,8,Completed,6,0.857,2026-06,synthetic demo data
REQ-0021,2026-06-09 21:02:44.844796422,2026-06-13 12:32:03.994794410,3.65,8,Completed,6,0.857,2026-06,synthetic demo data
REQ-0022,2026-01-18 09:05:45.621692685,2026-01-21 08:07:10.478777438,2.96,8,Completed,6,0.857,2026-01,synthetic demo data
REQ-0023,2026-04-18 06:20:01.173732158,2026-04-21 10:40:43.817062833,3.18,8,Completed,6,0.857,2026-04,synthetic demo data
REQ-0024,2026-02-11 17:06:50.578542196,2026-02-11 18:18:50.578542196,0.05,3,Cancelled,1,0.5,2026-02,synthetic demo data
REQ-0025,2026-04-01 12:20:43.096564084,2026-04-04 06:40:36.522750723,2.76,8,Completed,6,0.857,2026-04,synthetic demo data
REQ-0026,2026-02-24 13:05:54.054577176,2026-02-27 06:13:28.655551336,2.71,8,Completed,6,0.857,2026-02,synthetic demo data
REQ-0027,2026-01-20 10:28:36.423131715,2026-01-23 17:04:40.288773388,3.28,6,Cancelled,4,0.8,2026-01,synthetic demo data
REQ-0028,2026-05-25 03:50:20.959612922,2026-05-28 04:27:46.081480974,3.03,8,Completed,6,0.857,2026-05,synthetic demo data
REQ-0029,2026-04-19 10:59:18.043526570,2026-04-21 12:58:40.843817036,2.08,8,Completed,6,0.857,2026-04,synthetic demo data
REQ-0030,2026-02-12 23:22:53.069338382,2026-02-15 14:25:30.745472286,2.63,8,Completed,6,0.857,2026-02,synthetic demo data
REQ-0031,2026-01-27 06:31:36.301567210,2026-01-29 13:37:48.039845170,2.3,8,Completed,6,0.857,2026-01,synthetic demo data
REQ-0032,2026-01-10 23:36:35.816217831,2026-01-14 03:24:39.435616508,3.16,8,Completed,6,0.857,2026-01,synthetic demo data
REQ-0033,2026-02-03 01:04:23.266045143,2026-02-06 02:26:49.916992721,3.06,8,Completed,6,0.857,2026-02,synthetic demo data
REQ-0034,2026-06-15 20:19:00.746968900,2026-06-16 18:22:47.688834376,0.92,5,Rejected,3,0.75,2026-06,synthetic demo data
REQ-0035,2026-05-24 17:45:06.490014928,2026-05-27 15:52:26.783803842,2.92,8,Completed,6,0.857,2026-05,synthetic demo data
REQ-0036,2026-03-10 16:35:11.843352697,2026-03-12 20:51:15.279572033,2.18,8,Completed,6,0.857,2026-03,synthetic demo data
REQ-0037,2026-02-28 07:46:51.017743908,2026-03-04 15:34:16.844750887,4.32,8,Completed,6,0.857,2026-02,synthetic demo data
REQ-0038,2026-06-02 02:46:52.721407410,2026-06-04 22:01:30.163700392,2.8,8,Completed,6,0.857,2026-06,synthetic demo data
REQ-0039,2026-06-04 07:18:22.950604306,2026-06-06 14:52:14.508365252,2.32,6,Cancelled,4,0.8,2026-06,synthetic demo data
REQ-0040,2026-01-26 02:36:08.127947899,2026-01-29 00:48:46.212226913,2.93,8,Completed,6,0.857,2026-01,synthetic demo data
REQ-0041,2026-01-18 11:36:45.120521568,2026-01-21 02:15:47.903663842,2.61,8,Completed,6,0.857,2026-01,synthetic demo data
REQ-0042,2026-03-29 23:06:06.808629074,2026-04-01 16:58:50.166954442,2.74,8,Completed,6,0.857,2026-03,synthetic demo data
REQ-0043,2026-05-01 04:43:10.939775232,2026-05-03 23:39:16.539716264,2.79,8,Completed,6,0.857,2026-05,synthetic demo data
REQ-0044,2026-06-17 21:04:14.310419572,2026-06-20 07:42:40.093595046,2.44,8,Completed,6,0.857,2026-06,synthetic demo data
REQ-0045,2026-06-26 23:14:53.786663056,2026-07-01 03:13:01.274702132,4.17,8,Completed,6,0.857,2026-06,synthetic demo data
REQ-0046,2026-01-03 14:08:51.370939551,2026-01-05 07:42:36.500682552,1.73,8,Completed,6,0.857,2026-01,synthetic demo data
REQ-0047,2026-01-21 06:44:30.967811510,2026-01-24 20:54:00.665411871,3.59,8,Completed,6,0.857,2026-01,synthetic demo data
REQ-0048,2026-01-06 14:16:40.273835908,2026-01-09 22:30:24.282576494,3.34,8,Completed,6,0.857,2026-01,synthetic demo data
REQ-0049,2026-01-10 16:09:43.925407932,2026-01-12 02:04:44.200553779,1.41,8,Completed,6,0.857,2026-01,synthetic demo data
REQ-0050,2026-05-06 00:52:54.432435766,2026-05-08 11:53:19.939526687,2.46,8,Completed,6,0.857,2026-05,synthetic demo data
REQ-0051,2026-02-19 02:40:40.100494429,2026-02-21 21:09:55.874721625,2.77,8,Completed,6,0.857,2026-02,synthetic demo data
REQ-0052,2026-02-01 12:54:44.267562770,2026-02-02 13:36:49.686538607,1.03,5,Rejected,3,0.75,2026-02,synthetic demo data
REQ-0053,2026-05-21 12:13:46.908605578,2026-05-25 00:28:05.438092469,3.51,8,Completed,6,0.857,2026-05,synthetic demo data
REQ-0054,2026-06-18 16:22:04.259584702,2026-06-22 22:46:00.756475524,4.27,6,Cancelled,4,0.8,2026-06,synthetic demo data
REQ-0055,2026-01-25 12:17:19.372741246,2026-01-28 12:41:33.510402256,3.02,8,Completed,6,0.857,2026-01,synthetic demo data
REQ-0056,2026-04-16 06:28:58.775256896,2026-04-20 14:26:50.602994941,4.33,8,Completed,6,0.857,2026-04,synthetic demo data
REQ-0057,2026-04-27 00:08:14.795193218,2026-04-30 11:54:20.379942852,3.49,8,Completed,6,0.857,2026-04,synthetic demo data
REQ-0058,2026-05-12 23:34:06.867275490,2026-05-15 13:29:43.108600885,2.58,8,Completed,6,0.857,2026-05,synthetic demo data
REQ-0059,2026-05-31 22:24:38.418085732,2026-06-02 06:29:02.214773657,1.34,5,Rejected,3,0.75,2026-05,synthetic demo data
REQ-0060,2026-02-26 21:01:09.687160536,2026-02-28 08:08:50.835816994,2.46,8,Completed,6,0.857,2026-02,synthetic demo data
REQ-0061,2026-03-07 01:27:05.903488983,2026-03-09 16:50:23.154472491,2.64,8,Completed,6,0.857,2026-03,synthetic demo data
REQ-0062,2026-01-03 07:20:36.334661716,2026-01-06 08:51:04.647054994,3.06,8,Completed,6,0.857,2026-01,synthetic demo data
REQ-0063,2026-06-27 15:11:22.523602190,2026-06-30 05:05:40.140193888,2.58,6,Cancelled,4,0.8,2026-06,synthetic demo data
REQ-0064,2026-03-25 20:29:32.480529121,2026-03-25 22:33:04.440983791,0.09,3,Cancelled,1,0.5,2026-03,synthetic demo data
REQ-0065,2026-06-12 15:41:15.531773456,2026-06-13 19:32:07.067579987,1.16,5,Rejected,3,0.75,2026-06,synthetic demo data
REQ-0066,2026-04-15 22:26:35.330726106,2026-04-18 07:09:08.769322165,2.36,8,Completed,6,0.857,2026-04,synthetic demo data
REQ-0067,2026-01-11 20:01:43.107731949,2026-01-15 14:19:57.430147622,3.76,8,Completed,6,0.857,2026-01,synthetic demo data
REQ-0068,2026-06-13 02:15:56.496687232,2026-06-15 10:00:45.031551721,2.32,8,Completed,6,0.857,2026-06,synthetic demo data
REQ-0069,2026-03-02 08:51:22.845000576,2026-03-05 10:21:09.584980294,3.06,8,Completed,6,0.857,2026-03,synthetic demo data
REQ-0070,2026-05-06 22:06:16.458549178,2026-05-10 07:21:00.511045818,3.39,8,Completed,6,0.857,2026-05,synthetic demo data
REQ-0071,2026-05-21 03:15:44.415320130,2026-05-23 10:30:56.411154354,2.3,8,Completed,6,0.857,2026-05,synthetic demo data
REQ-0072,2026-02-22 06:08:45.673827902,2026-02-24 17:09:26.249738350,2.46,8,Completed,6,0.857,2026-02,synthetic demo data
REQ-0073,2026-03-15 11:00:29.986122020,2026-03-18 09:00:33.741461537,2.92,8,Completed,6,0.857,2026-03,synthetic demo data
REQ-0074,2026-01-10 03:22:38.641425015,2026-01-11 19:43:32.105711747,1.68,5,Rejected,3,0.75,2026-01,synthetic demo data
REQ-0075,2026-06-05 03:46:20.235361670,2026-06-08 06:54:58.088608062,3.13,8,Completed,6,0.857,2026-06,synthetic demo data
REQ-0076,2026-05-02 06:52:53.634915104,2026-05-04 12:48:27.548571430,2.25,5,Rejected,3,0.75,2026-05,synthetic demo data
REQ-0077,2026-02-13 03:41:02.866984009,2026-02-15 06:43:23.584672204,2.13,8,Completed,6,0.857,2026-02,synthetic demo data
REQ-0078,2026-02-04 03:24:16.941522969,2026-02-05 23:28:34.893004395,1.84,5,Rejected,3,0.75,2026-02,synthetic demo data
REQ-0079,2026-06-29 03:34:16.891278326,2026-07-01 20:23:33.269889174,2.7,8,Completed,6,0.857,2026-06,synthetic demo data
REQ-0080,2026-01-25 13:27:54.235844732,2026-01-28 12:54:56.668650829,2.98,8,Completed,6,0.857,2026-01,synthetic demo data
REQ-0081,2026-06-22 00:47:02.611278844,2026-06-24 00:20:09.146109017,1.98,8,Completed,6,0.857,2026-06,synthetic demo data
REQ-0082,2026-05-13 23:48:48.749348372,2026-05-16 20:04:01.722194075,2.84,8,Completed,6,0.857,2026-05,synthetic demo data
REQ-0083,2026-05-22 22:19:46.259798648,2026-05-26 09:31:40.895215146,3.47,8,Completed,6,0.857,2026-05,synthetic demo data
REQ-0084,2026-01-19 17:10:57.934555801,2026-01-22 10:17:39.811596757,2.71,8,Completed,6,0.857,2026-01,synthetic demo data
REQ-0085,2026-02-14 16:00:27.942124803,2026-02-16 18:22:20.895913032,2.1,5,Rejected,3,0.75,2026-02,synthetic demo data
REQ-0086,2026-01-10 13:08:57.425004628,2026-01-11 13:00:09.601879850,0.99,5,Rejected,3,0.75,2026-01,synthetic demo data
REQ-0087,2026-02-07 15:19:43.461793876,2026-02-10 16:48:54.329876286,3.06,8,Completed,6,0.857,2026-02,synthetic demo data
REQ-0088,2026-03-29 11:38:55.205200101,2026-03-31 16:50:45.207373946,2.22,8,Completed,6,0.857,2026-03,synthetic demo data
REQ-0089,2026-05-03 08:40:33.978309858,2026-05-05 09:35:11.071906947,2.04,8,Completed,6,0.857,2026-05,synthetic demo data
REQ-0090,2026-01-26 06:02:49.939722430,2026-01-28 23:29:03.137751231,2.73,8,Completed,6,0.857,2026-01,synthetic demo data
REQ-0091,2026-04-16 14:38:38.592778794,2026-04-20 16:47:51.143329549,4.09,8,Completed,6,0.857,2026-04,synthetic demo data
REQ-0092,2026-06-14 18:11:19.325398494,2026-06-18 11:18:49.463614558,3.71,8,Completed,6,0.857,2026-06,synthetic demo data
REQ-0093,2026-02-09 07:39:23.772145443,2026-02-11 18:27:23.846598549,2.45,8,Completed,6,0.857,2026-02,synthetic demo data
REQ-0094,2026-05-07 19:57:14.897351158,2026-05-11 13:38:28.231793288,3.74,8,Completed,6,0.857,2026-05,synthetic demo data
REQ-0095,2026-04-01 16:30:16.095003937,2026-04-06 01:23:01.722229236,4.37,8,Completed,6,0.857,2026-04,synthetic demo data
REQ-0096,2026-04-06 21:23:08.824708108,2026-04-09 02:17:39.896277691,2.2,8,Completed,6,0.857,2026-04,synthetic demo data
REQ-0097,2026-04-17 14:29:00.623912432,2026-04-19 20:47:14.568329363,2.26,8,Completed,6,0.857,2026-04,synthetic demo data
REQ-0098,2026-04-12 10:10:16.592807105,2026-04-15 06:36:50.464063455,2.85,8,Completed,6,0.857,2026-04,synthetic demo data
REQ-0099,2026-01-18 07:23:27.169966283,2026-01-21 01:09:04.776016269,2.74,8,Completed,6,0.857,2026-01,synthetic demo data
REQ-0100,2026-03-25 22:32:23.412894922,2026-03-29 01:50:44.588718174,3.14,8,Completed,6,0.857,2026-03,synthetic demo data
REQ-0101,2026-01-20 04:56:13.985507863,2026-01-23 18:22:09.465362453,3.56,8,Completed,6,0.857,2026-01,synthetic demo data
REQ-0102,2026-03-09 06:15:54.068891546,2026-03-13 17:20:49.126333429,4.46,8,Completed,6,0.857,2026-03,synthetic demo data
REQ-0103,2026-06-17 17:50:51.059498128,2026-06-20 22:38:59.662562961,3.2,8,Completed,6,0.857,2026-06,synthetic demo data
REQ-0104,2026-06-21 06:09:39.790141520,2026-06-23 21:27:21.504829605,2.64,8,Completed,6,0.857,2026-06,synthetic demo data
REQ-0105,2026-03-25 16:33:35.604669781,2026-03-28 11:39:13.642342142,2.8,8,Completed,6,0.857,2026-03,synthetic demo data
REQ-0106,2026-02-23 10:25:24.463783288,2026-02-26 05:19:19.303018609,2.79,8,Completed,6,0.857,2026-02,synthetic demo data
REQ-0107,2026-02-25 04:17:43.419755263,2026-02-27 04:25:39.984618165,2.01,8,Completed,6,0.857,2026-02,synthetic demo data
REQ-0108,2026-06-02 17:21:04.470024708,2026-06-04 23:46:17.885146975,2.27,8,Completed,6,0.857,2026-06,synthetic demo data
REQ-0109,2026-06-18 20:26:52.299990916,2026-06-18 22:10:15.040789023,0.07,3,Cancelled,1,0.5,2026-06,synthetic demo data
REQ-0110,2026-02-17 23:48:43.143025190,2026-02-21 09:41:34.309771795,3.41,8,Completed,6,0.857,2026-02,synthetic demo data
REQ-0111,2026-04-05 22:16:25.331964090,2026-04-08 07:01:46.945702564,2.36,8,Completed,6,0.857,2026-04,synthetic demo data
REQ-0112,2026-04-05 17:30:04.600470207,2026-04-09 06:24:53.139049819,3.54,8,Completed,6,0.857,2026-04,synthetic demo data
REQ-0113,2026-04-10 04:04:46.217325047,2026-04-14 00:38:53.854886148,3.86,8,Completed,6,0.857,2026-04,synthetic demo data
REQ-0114,2026-03-13 10:56:57.766054569,2026-03-15 11:59:04.569131016,2.04,8,Completed,6,0.857,2026-03,synthetic demo data
REQ-0115,2026-03-02 19:47:31.671920628,2026-03-05 15:50:15.040514255,2.84,5,Rejected,3,0.75,2026-03,synthetic demo data
REQ-0116,2026-05-15 12:37:21.669952060,2026-05-17 17:55:23.658250644,2.22,8,Completed,6,0.857,2026-05,synthetic demo data
REQ-0117,2026-01-12 13:06:45.432912494,2026-01-15 10:40:16.039635609,2.9,8,Completed,6,0.857,2026-01,synthetic demo data
REQ-0118,2026-03-24 08:56:58.337769124,2026-03-27 03:24:29.584082415,2.77,8,Completed,6,0.857,2026-03,synthetic demo data
REQ-0119,2026-01-08 14:53:46.163545694,2026-01-12 03:27:51.197028827,3.52,8,Completed,6,0.857,2026-01,synthetic demo data
REQ-0120,2026-03-13 22:33:56.454459962,2026-03-17 04:55:09.422215511,3.26,8,Completed,6,0.857,2026-03,synthetic demo data
REQ-0121,2026-03-20 14:00:59.283248208,2026-03-23 00:55:12.897844390,2.45,6,Cancelled,4,0.8,2026-03,synthetic demo data
REQ-0122,2026-01-04 22:23:27.757969540,2026-01-06 09:18:14.371822157,1.45,8,Completed,6,0.857,2026-01,synthetic demo data
REQ-0123,2026-01-26 07:59:14.725422140,2026-01-29 08:23:27.119592093,3.02,8,Completed,6,0.857,2026-01,synthetic demo data
REQ-0124,2026-02-16 07:03:42.991337824,2026-02-19 07:34:48.092764377,3.02,8,Completed,6,0.857,2026-02,synthetic demo data
REQ-0125,2026-04-20 05:10:57.215825838,2026-04-23 03:44:24.078996971,2.94,8,Completed,6,0.857,2026-04,synthetic demo data
REQ-0126,2026-02-14 07:57:56.171911094,2026-02-17 02:58:54.950925449,2.79,8,Completed,6,0.857,2026-02,synthetic demo data
REQ-0127,2026-03-23 12:52:24.529085953,2026-03-26 21:35:25.554215599,3.36,8,Completed,6,0.857,2026-03,synthetic demo data
REQ-0128,2026-06-04 06:39:43.384866138,2026-06-04 08:35:24.319677893,0.08,3,Cancelled,1,0.5,2026-06,synthetic demo data
REQ-0129,2026-05-23 22:14:48.516507064,2026-05-25 18:19:22.184742425,1.84,8,Completed,6,0.857,2026-05,synthetic demo data
REQ-0130,2026-03-17 11:29:50.771767733,2026-03-20 16:08:29.870305824,3.19,8,Completed,6,0.857,2026-03,synthetic demo data
REQ-0131,2026-04-29 19:07:05.056426758,2026-05-01 02:40:49.843527076,1.32,5,Rejected,3,0.75,2026-04,synthetic demo data
REQ-0132,2026-04-09 18:26:20.008954702,2026-04-13 05:07:49.125075119,3.45,8,Completed,6,0.857,2026-04,synthetic demo data
REQ-0133,2026-02-27 16:10:11.980406524,2026-03-01 12:01:18.028271831,2.83,8,Completed,6,0.857,2026-02,synthetic demo data
REQ-0134,2026-03-16 08:59:49.601516216,2026-03-18 16:33:37.265442003,2.32,8,Completed,6,0.857,2026-03,synthetic demo data
REQ-0135,2026-01-29 00:13:48.918993355,2026-01-31 14:26:46.693982466,2.59,8,Completed,6,0.857,2026-01,synthetic demo data
REQ-0136,2026-05-28 12:54:36.040456532,2026-05-28 15:39:58.014459893,0.11,3,Cancelled,1,0.5,2026-05,synthetic demo data
REQ-0137,2026-06-04 07:39:36.741746576,2026-06-08 04:36:14.179199623,3.87,8,Completed,6,0.857,2026-06,synthetic demo data
REQ-0138,2026-04-01 03:03:05.655485937,2026-04-02 18:39:42.120251236,1.65,8,Completed,6,0.857,2026-04,synthetic demo data
REQ-0139,2026-02-02 02:34:43.308824168,2026-02-02 05:45:45.917016745,0.13,3,Cancelled,1,0.5,2026-02,synthetic demo data
REQ-0140,2026-06-27 15:28:41.288870222,2026-06-30 01:31:26.473317213,2.42,6,Cancelled,4,0.8,2026-06,synthetic demo data
REQ-0141,2026-06-24 23:34:23.483923270,2026-06-27 02:09:07.773150811,2.11,8,Completed,6,0.857,2026-06,synthetic demo data
REQ-0142,2026-05-29 12:19:21.775092798,2026-05-30 21:33:27.482557383,1.38,8,Completed,6,0.857,2026-05,synthetic demo data
REQ-0143,2026-05-29 03:57:41.809400128,2026-05-31 23:16:14.619088397,2.8,8,Completed,6,0.857,2026-05,synthetic demo data
REQ-0144,2026-01-01 13:36:41.216033765,2026-01-05 05:02:56.093335404,3.64,8,Completed,6,0.857,2026-01,synthetic demo data
REQ-0145,2026-01-12 01:58:57.036835303,2026-01-14 16:48:24.691687404,2.62,8,Completed,6,0.857,2026-01,synthetic demo data
REQ-0146,2026-02-02 01:55:02.828739738,2026-02-04 16:23:46.663669033,2.6,6,Cancelled,4,0.8,2026-02,synthetic demo data
REQ-0147,2026-02-18 00:58:01.221705207,2026-02-19 04:39:55.240771708,1.15,8,Completed,6,0.857,2026-02,synthetic demo data
REQ-0148,2026-01-23 07:54:21.331388055,2026-01-26 20:17:27.958145389,3.52,8,Completed,6,0.857,2026-01,synthetic demo data
REQ-0149,2026-06-20 03:08:54.795978996,2026-06-22 00:02:56.494212742,1.87,8,Completed,6,0.857,2026-06,synthetic demo data
REQ-0150,2026-01-24 10:11:14.199239182,2026-01-28 03:11:08.467275086,3.71,8,Completed,6,0.857,2026-01,synthetic demo data
REQ-0151,2026-04-24 08:12:16.080714520,2026-04-26 19:59:59.482792722,2.49,8,Completed,6,0.857,2026-04,synthetic demo data
REQ-0152,2026-04-10 04:00:13.611602083,2026-04-14 04:49:14.923808045,4.03,8,Completed,6,0.857,2026-04,synthetic demo data
REQ-0153,2026-04-11 15:44:41.329260182,2026-04-15 12:55:51.859951596,3.88,8,Completed,6,0.857,2026-04,synthetic demo data
REQ-0154,2026-03-12 00:32:02.587288406,2026-03-15 07:07:26.214934603,3.27,8,Completed,6,0.857,2026-03,synthetic demo data
REQ-0155,2026-06-02 18:16:04.282099916,2026-06-05 16:27:53.545491514,2.92,8,Completed,6,0.857,2026-06,synthetic demo data
REQ-0156,2026-02-19 00:52:35.490075942,2026-02-21 16:53:53.757738450,2.67,6,Cancelled,4,0.8,2026-02,synthetic demo data
REQ-0157,2026-06-22 19:39:54.794878934,2026-06-25 02:30:59.029671812,2.29,8,Completed,6,0.857,2026-06,synthetic demo data
REQ-0158,2026-06-26 03:51:48.096335116,2026-06-28 11:24:28.154235310,2.31,8,Completed,6,0.857,2026-06,synthetic demo data
REQ-0159,2026-02-25 01:24:05.009511451,2026-02-27 09:56:20.096967041,2.36,8,Completed,6,0.857,2026-02,synthetic demo data
REQ-0160,2026-04-21 17:50:52.230094272,2026-04-22 09:00:36.514089079,0.63,5,Rejected,3,0.75,2026-04,synthetic demo data
REQ-0161,2026-01-26 12:10:27.069793685,2026-01-30 06:09:33.947740347,3.75,8,Completed,6,0.857,2026-01,synthetic demo data
REQ-0162,2026-04-27 16:12:43.565325028,2026-04-30 20:50:50.400280522,3.19,8,Completed,6,0.857,2026-04,synthetic demo data
REQ-0163,2026-01-08 15:31:28.806953321,2026-01-11 14:36:01.094826307,2.96,8,Completed,6,0.857,2026-01,synthetic demo data
REQ-0164,2026-01-29 09:52:23.298996658,2026-02-01 00:07:20.660114372,2.59,8,Completed,6,0.857,2026-01,synthetic demo data
REQ-0165,2026-02-04 11:03:01.022496223,2026-02-08 09:49:28.725919023,3.95,8,Completed,6,0.857,2026-02,synthetic demo data
REQ-0166,2026-06-19 04:24:42.327073166,2026-06-22 06:34:24.481958559,3.09,6,Cancelled,4,0.8,2026-06,synthetic demo data
REQ-0167,2026-05-07 05:54:05.599967550,2026-05-09 06:43:37.691061097,2.03,8,Completed,6,0.857,2026-05,synthetic demo data
REQ-0168,2026-03-21 16:02:05.630695357,2026-03-24 14:24:11.497906179,2.93,8,Completed,6,0.857,2026-03,synthetic demo data
REQ-0169,2026-06-17 21:17:03.640868330,2026-06-20 13:42:58.815334058,2.68,8,Completed,6,0.857,2026-06,synthetic demo data
REQ-0170,2026-04-07 01:47:08.079214376,2026-04-11 02:04:14.480857364,4.01,8,Completed,6,0.857,2026-04,synthetic demo data
REQ-0171,2026-02-11 01:00:47.153521801,2026-02-14 02:02:50.712927664,3.04,8,Completed,6,0.857,2026-02,synthetic demo data
REQ-0172,2026-05-01 11:43:35.994139464,2026-05-04 12:40:20.770999798,3.04,8,Completed,6,0.857,2026-05,synthetic demo data
REQ-0173,2026-04-03 21:27:15.349801962,2026-04-06 06:52:19.138868402,2.39,8,Completed,6,0.857,2026-04,synthetic demo data
REQ-0174,2026-02-11 09:49:14.793614933,2026-02-15 04:13:51.381766408,3.77,8,Completed,6,0.857,2026-02,synthetic demo data
REQ-0175,2026-04-27 01:09:13.363783274,2026-05-01 19:38:12.124930683,4.77,8,Completed,6,0.857,2026-04,synthetic demo data
REQ-0176,2026-06-22 06:44:08.440903032,2026-06-24 09:10:27.120269747,2.1,8,Completed,6,0.857,2026-06,synthetic demo data
REQ-0177,2026-01-24 23:35:25.191160609,2026-01-27 19:15:46.732810276,2.82,8,Completed,6,0.857,2026-01,synthetic demo data
REQ-0178,2026-02-05 22:55:16.908024153,2026-02-09 08:17:50.912977454,3.39,8,Completed,6,0.857,2026-02,synthetic demo data
REQ-0179,2026-01-27 21:52:48.428607831,2026-01-29 21:27:55.067648399,1.98,8,Completed,6,0.857,2026-01,synthetic demo data
REQ-0180,2026-05-15 00:19:02.485468454,2026-05-18 01:39:10.750658519,3.06,8,Completed,6,0.857,2026-05,synthetic demo data
REQ-0181,2026-02-13 17:48:18.514475383,2026-02-16 20:59:06.760045873,3.13,8,Completed,6,0.857,2026-02,synthetic demo data
REQ-0182,2026-05-17 17:49:54.177679090,2026-05-18 18:29:04.788271204,1.03,8,Completed,6,0.857,2026-05,synthetic demo data
REQ-0183,2026-05-22 20:04:13.538384142,2026-05-24 23:53:59.978863155,2.16,8,Completed,6,0.857,2026-05,synthetic demo data
REQ-0184,2026-05-30 23:10:06.014140442,2026-05-31 11:42:35.554237582,0.52,5,Rejected,3,0.75,2026-05,synthetic demo data
REQ-0185,2026-06-28 10:38:26.170231736,2026-07-01 15:58:37.292459253,3.22,8,Completed,6,0.857,2026-06,synthetic demo data
REQ-0186,2026-04-10 15:14:51.711820314,2026-04-12 14:41:54.030458247,1.98,8,Completed,6,0.857,2026-04,synthetic demo data
REQ-0187,2026-02-04 22:05:57.902265200,2026-02-07 02:27:38.104509266,2.18,6,Cancelled,4,0.8,2026-02,synthetic demo data
REQ-0188,2026-05-02 08:42:04.371995910,2026-05-04 13:09:40.942176677,2.19,8,Completed,6,0.857,2026-05,synthetic demo data
REQ-0189,2026-05-20 00:25:02.976269632,2026-05-22 02:28:34.924710999,2.09,8,Completed,6,0.857,2026-05,synthetic demo data
REQ-0190,2026-02-07 19:33:06.042313978,2026-02-09 19:49:52.432739508,2.01,8,Completed,6,0.857,2026-02,synthetic demo data
REQ-0191,2026-03-15 04:24:38.734101991,2026-03-17 21:56:20.381601922,2.73,8,Completed,6,0.857,2026-03,synthetic demo data
REQ-0192,2026-02-14 15:10:57.129102672,2026-02-18 00:04:02.427021255,3.37,8,Completed,6,0.857,2026-02,synthetic demo data
REQ-0193,2026-05-23 15:58:52.081477544,2026-05-26 09:55:31.892470924,2.75,8,Completed,6,0.857,2026-05,synthetic demo data
REQ-0194,2026-02-10 19:39:30.708137428,2026-02-14 09:06:40.574585230,3.56,8,Completed,6,0.857,2026-02,synthetic demo data
REQ-0195,2026-06-02 13:18:27.211051262,2026-06-05 15:40:09.216820699,3.1,8,Completed,6,0.857,2026-06,synthetic demo data
REQ-0196,2026-05-20 22:13:18.089480234,2026-05-23 13:01:25.661537186,2.62,8,Completed,6,0.857,2026-05,synthetic demo data
REQ-0197,2026-01-22 14:05:08.346887485,2026-01-26 00:42:09.052369425,3.44,8,Completed,6,0.857,2026-01,synthetic demo data
REQ-0198,2026-05-12 22:46:49.081699762,2026-05-15 14:34:24.197877711,2.66,8,Completed,6,0.857,2026-05,synthetic demo data
REQ-0199,2026-03-04 17:51:32.085768633,2026-03-07 12:52:05.547359888,2.79,8,Completed,6,0.857,2026-03,synthetic demo data
REQ-0200,2026-03-10 06:37:23.747558536,2026-03-12 17:02:08.791253197,2.43,8,Completed,6,0.857,2026-03,synthetic demo data
REQ-0201,2026-01-05 18:37:39.477397095,2026-01-09 04:25:54.191663423,3.41,8,Completed,6,0.857,2026-01,synthetic demo data
REQ-0202,2026-03-12 17:36:16.332393558,2026-03-14 09:20:43.357839568,1.66,8,Completed,6,0.857,2026-03,synthetic demo data
REQ-0203,2026-02-14 14:25:22.403057944,2026-02-17 01:06:47.288480810,2.45,8,Completed,6,0.857,2026-02,synthetic demo data
REQ-0204,2026-03-22 06:58:45.413952996,2026-03-24 04:02:11.775315330,1.88,8,Completed,6,0.857,2026-03,synthetic demo data
REQ-0205,2026-06-11 21:29:47.078026168,2026-06-14 05:54:36.008274702,2.35,8,Completed,6,0.857,2026-06,synthetic demo data
REQ-0206,2026-01-14 16:55:45.091755832,2026-01-17 00:13:02.350940507,2.3,6,Cancelled,4,0.8,2026-01,synthetic demo data
REQ-0207,2026-04-25 07:10:46.991797244,2026-04-28 01:20:47.651170491,2.76,8,Completed,6,0.857,2026-04,synthetic demo data
REQ-0208,2026-01-29 00:15:22.608633762,2026-01-31 22:21:43.949494378,2.92,8,Completed,6,0.857,2026-01,synthetic demo data
REQ-0209,2026-02-09 08:48:31.007790231,2026-02-12 18:05:29.591323752,3.39,8,Completed,6,0.857,2026-02,synthetic demo data
REQ-0210,2026-04-22 14:43:13.140683982,2026-04-24 02:02:31.771095257,1.47,6,Cancelled,4,0.8,2026-04,synthetic demo data
REQ-0211,2026-03-21 19:20:37.677224902,2026-03-25 03:56:34.859018071,3.36,8,Completed,6,0.857,2026-03,synthetic demo data
REQ-0212,2026-03-31 05:31:08.593766417,2026-04-03 04:01:28.801320602,2.94,8,Completed,6,0.857,2026-03,synthetic demo data
REQ-0213,2026-03-28 01:28:32.395332389,2026-03-31 06:46:38.754088055,3.22,8,Completed,6,0.857,2026-03,synthetic demo data
REQ-0214,2026-01-01 11:27:15.546235104,2026-01-03 21:08:38.661250760,2.4,8,Completed,6,0.857,2026-01,synthetic demo data
REQ-0215,2026-04-23 04:04:53.113631234,2026-04-25 12:06:48.161679665,2.33,8,Completed,6,0.857,2026-04,synthetic demo data
REQ-0216,2026-06-02 07:50:03.936671882,2026-06-05 07:57:15.410531644,3.0,8,Completed,6,0.857,2026-06,synthetic demo data
REQ-0217,2026-04-05 04:39:37.294146609,2026-04-09 01:16:58.022441834,3.86,8,Completed,6,0.857,2026-04,synthetic demo data
REQ-0218,2026-06-26 18:52:59.370714750,2026-06-29 13:00:28.143156964,2.76,8,Completed,6,0.857,2026-06,synthetic demo data
REQ-0219,2026-04-24 23:24:56.193258392,2026-04-27 12:07:57.463292631,2.53,8,Completed,6,0.857,2026-04,synthetic demo data
REQ-0220,2026-02-11 09:23:19.816469671,2026-02-14 10:52:42.044808939,3.06,8,Completed,6,0.857,2026-02,synthetic demo data
REQ-0221,2026-01-11 06:19:08.952002152,2026-01-14 00:25:54.796037683,2.75,8,Completed,6,0.857,2026-01,synthetic demo data
REQ-0222,2026-05-24 20:53:22.995300378,2026-05-28 04:53:31.247553120,3.33,8,Completed,6,0.857,2026-05,synthetic demo data
REQ-0223,2026-05-10 20:12:31.219583370,2026-05-14 19:26:50.486271800,3.97,8,Completed,6,0.857,2026-05,synthetic demo data
REQ-0224,2026-03-04 18:33:28.699924812,2026-03-07 05:40:46.120613893,2.46,8,Completed,6,0.857,2026-03,synthetic demo data
REQ-0225,2026-01-19 21:05:09.770443143,2026-01-22 01:53:23.993217597,2.2,8,Completed,6,0.857,2026-01,synthetic demo data
REQ-0226,2026-05-28 18:28:30.519813680,2026-05-31 18:48:11.590054473,3.01,8,Completed,6,0.857,2026-05,synthetic demo data
REQ-0227,2026-06-24 00:16:14.856606204,2026-06-26 09:31:34.635715193,2.39,8,Completed,6,0.857,2026-06,synthetic demo data
REQ-0228,2026-04-13 07:21:26.418856289,2026-04-14 23:03:49.739795756,1.65,6,Cancelled,4,0.8,2026-04,synthetic demo data
REQ-0229,2026-04-02 03:28:01.852919231,2026-04-05 10:07:35.854784311,3.28,8,Completed,6,0.857,2026-04,synthetic demo data
REQ-0230,2026-05-12 12:30:43.969273800,2026-05-14 07:46:06.411460011,1.8,8,Completed,6,0.857,2026-05,synthetic demo data
REQ-0231,2026-05-05 02:26:34.336791218,2026-05-07 06:13:16.208395965,2.16,8,Completed,6,0.857,2026-05,synthetic demo data
REQ-0232,2026-02-21 16:43:43.571257015,2026-02-24 02:58:15.546088540,2.43,8,Completed,6,0.857,2026-02,synthetic demo data
REQ-0233,2026-06-08 16:36:06.152903204,2026-06-11 09:19:05.843705389,2.7,8,Completed,6,0.857,2026-06,synthetic demo data
REQ-0234,2026-03-15 23:00:29.862056307,2026-03-19 07:09:53.379751618,3.34,8,Completed,6,0.857,2026-03,synthetic demo data
REQ-0235,2026-02-15 01:37:52.143112072,2026-02-17 18:18:43.362325746,2.7,8,Completed,6,0.857,2026-02,synthetic demo data
REQ-0236,2026-03-03 10:40:15.746170727,2026-03-06 23:07:57.540682956,3.52,8,Completed,6,0.857,2026-03,synthetic demo data
REQ-0237,2026-05-22 03:14:24.455792746,2026-05-24 17:47:49.673683304,2.61,8,Completed,6,0.857,2026-05,synthetic demo data
REQ-0238,2026-06-27 03:38:13.107508490,2026-06-29 01:04:07.238591669,1.89,5,Rejected,3,0.75,2026-06,synthetic demo data
REQ-0239,2026-03-27 17:43:46.314848145,2026-03-31 15:33:30.226396272,3.91,8,Completed,6,0.857,2026-03,synthetic demo data
REQ-0240,2026-06-16 19:03:21.035377928,2026-06-18 22:29:25.837619175,2.14,8,Completed,6,0.857,2026-06,synthetic demo data
REQ-0241,2026-03-11 13:19:21.019906816,2026-03-14 20:45:14.582669709,3.31,8,Completed,6,0.857,2026-03,synthetic demo data
REQ-0242,2026-02-03 00:18:31.326726536,2026-02-06 19:17:24.874580837,3.79,8,Completed,6,0.857,2026-02,synthetic demo data
REQ-0243,2026-04-13 07:49:36.129971985,2026-04-16 18:31:58.395753236,3.45,8,Completed,6,0.857,2026-04,synthetic demo data
REQ-0244,2026-05-25 14:59:56.577153964,2026-05-27 15:03:32.797816001,2.0,8,Completed,6,0.857,2026-05,synthetic demo data
REQ-0245,2026-04-06 08:38:21.042502726,2026-04-08 23:13:15.239744099,2.61,6,Cancelled,4,0.8,2026-04,synthetic demo data
REQ-0246,2026-01-08 11:54:00.360884263,2026-01-09 22:29:55.359894962,1.44,5,Rejected,3,0.75,2026-01,synthetic demo data
REQ-0247,2026-02-05 02:30:29.885946634,2026-02-07 11:51:40.832080640,2.39,8,Completed,6,0.857,2026-02,synthetic demo data
REQ-0248,2026-06-27 17:17:53.473851054,2026-06-30 13:42:03.578088059,2.85,8,Completed,6,0.857,2026-06,synthetic demo data
REQ-0249,2026-03-19 13:23:19.508399800,2026-03-21 16:10:20.883650423,2.12,8,Completed,6,0.857,2026-03,synthetic demo data
REQ-0250,2026-04-28 11:54:43.487328970,2026-04-30 18:28:35.964832340,2.27,5,Rejected,3,0.75,2026-04,synthetic demo data
REQ-0251,2026-06-03 14:38:12.815086504,2026-06-05 10:22:57.951960539,1.82,5,Rejected,3,0.75,2026-06,synthetic demo data
REQ-0252,2026-03-22 01:17:36.593906775,2026-03-25 05:58:22.115536206,3.19,8,Completed,6,0.857,2026-03,synthetic demo data
REQ-0253,2026-03-31 19:51:07.391260191,2026-04-04 17:40:52.340162350,3.91,8,Completed,6,0.857,2026-03,synthetic demo data
REQ-0254,2026-02-16 14:02:16.835394905,2026-02-19 02:39:10.238369067,2.53,8,Completed,6,0.857,2026-02,synthetic demo data
REQ-0255,2026-04-15 12:34:49.744098618,2026-04-18 09:40:47.140840450,2.88,8,Completed,6,0.857,2026-04,synthetic demo data
REQ-0256,2026-01-13 12:43:04.793829566,2026-01-15 18:14:59.135077403,2.23,8,Completed,6,0.857,2026-01,synthetic demo data
REQ-0257,2026-04-16 03:34:59.125804126,2026-04-19 05:08:52.350399306,3.07,8,Completed,6,0.857,2026-04,synthetic demo data
REQ-0258,2026-01-21 21:33:46.463634936,2026-01-23 16:46:37.784574396,1.8,8,Completed,6,0.857,2026-01,synthetic demo data
REQ-0259,2026-02-15 23:17:19.806174171,2026-02-19 07:54:41.521502213,3.36,8,Completed,6,0.857,2026-02,synthetic demo data
REQ-0260,2026-05-15 02:34:56.989121418,2026-05-19 08:57:50.013857503,4.27,8,Completed,6,0.857,2026-05,synthetic demo data
REQ-0261,2026-02-16 04:39:10.941083492,2026-02-18 18:47:39.188166538,2.59,8,Completed,6,0.857,2026-02,synthetic demo data
REQ-0262,2026-03-09 13:42:34.457123430,2026-03-12 12:49:58.051926699,2.96,8,Completed,6,0.857,2026-03,synthetic demo data
REQ-0263,2026-06-26 23:35:43.662394404,2026-06-29 19:32:40.515500345,2.83,8,Completed,6,0.857,2026-06,synthetic demo data
REQ-0264,2026-04-23 14:03:19.562915512,2026-04-26 03:11:28.415402067,2.55,8,Completed,6,0.857,2026-04,synthetic demo data
REQ-0265,2026-04-27 02:04:40.800282672,2026-04-30 07:32:06.382900941,3.23,8,Completed,6,0.857,2026-04,synthetic demo data
REQ-0266,2026-02-06 08:06:50.761595278,2026-02-08 18:37:54.761967067,2.44,8,Completed,6,0.857,2026-02,synthetic demo data
REQ-0267,2026-01-09 03:31:01.100084668,2026-01-10 13:56:40.174915773,1.43,5,Rejected,3,0.75,2026-01,synthetic demo data
REQ-0268,2026-03-26 06:29:08.244590337,2026-03-29 15:48:17.775973348,3.39,8,Completed,6,0.857,2026-03,synthetic demo data
REQ-0269,2026-01-15 13:10:15.644259127,2026-01-18 22:22:04.993887090,3.38,8,Completed,6,0.857,2026-01,synthetic demo data
REQ-0270,2026-01-07 05:47:57.677377569,2026-01-08 21:34:09.685816559,1.66,5,Rejected,3,0.75,2026-01,synthetic demo data
REQ-0271,2026-06-26 20:38:54.564327652,2026-06-29 07:41:57.467181409,2.46,8,Completed,6,0.857,2026-06,synthetic demo data
REQ-0272,2026-03-18 11:39:22.428126474,2026-03-21 20:33:16.876924798,3.37,8,Completed,6,0.857,2026-03,synthetic demo data
REQ-0273,2026-02-22 05:25:08.633566731,2026-02-24 14:33:13.645965060,2.38,8,Completed,6,0.857,2026-02,synthetic demo data
REQ-0274,2026-02-12 14:55:08.661735083,2026-02-16 23:32:20.765933879,4.36,8,Completed,6,0.857,2026-02,synthetic demo data
REQ-0275,2026-01-10 16:33:32.043631616,2026-01-14 02:56:44.895988312,3.43,8,Completed,6,0.857,2026-01,synthetic demo data
REQ-0276,2026-03-24 13:49:28.769594326,2026-03-26 09:36:43.549416079,1.82,8,Completed,6,0.857,2026-03,synthetic demo data
REQ-0277,2026-05-05 06:28:20.365618390,2026-05-08 08:53:31.598294615,3.1,8,Completed,6,0.857,2026-05,synthetic demo data
REQ-0278,2026-05-15 00:39:59.555610490,2026-05-15 09:05:39.262387857,0.35,5,Rejected,3,0.75,2026-05,synthetic demo data
REQ-0279,2026-01-03 08:14:16.782713042,2026-01-06 15:24:40.262322427,3.3,8,Completed,6,0.857,2026-01,synthetic demo data
REQ-0280,2026-05-15 22:16:35.551346168,2026-05-19 09:25:46.091273867,3.46,8,Completed,6,0.857,2026-05,synthetic demo data
REQ-0281,2026-06-24 19:13:50.106881198,2026-06-29 01:53:34.429325898,4.28,8,Completed,6,0.857,2026-06,synthetic demo data
REQ-0282,2026-01-23 16:00:16.941583303,2026-01-25 16:28:36.760779782,2.02,8,Completed,6,0.857,2026-01,synthetic demo data
REQ-0283,2026-05-16 16:44:58.377971216,2026-05-19 06:32:40.311180487,2.57,8,Completed,6,0.857,2026-05,synthetic demo data
REQ-0284,2026-03-20 01:23:35.312291301,2026-03-21 19:43:17.676845742,1.76,8,Completed,6,0.857,2026-03,synthetic demo data
REQ-0285,2026-03-14 03:28:27.448851143,2026-03-17 11:36:41.675311199,3.34,8,Completed,6,0.857,2026-03,synthetic demo data
REQ-0286,2026-02-19 13:02:10.521363286,2026-02-22 00:58:26.790028998,2.5,8,Completed,6,0.857,2026-02,synthetic demo data
REQ-0287,2026-04-17 04:43:51.951319266,2026-04-18 08:33:49.066945101,1.16,8,Completed,6,0.857,2026-04,synthetic demo data
REQ-0288,2026-01-27 02:47:31.105427941,2026-01-30 15:10:19.197090807,3.52,8,Completed,6,0.857,2026-01,synthetic demo data
REQ-0289,2026-03-10 09:02:27.123120219,2026-03-13 18:42:01.536566248,3.4,8,Completed,6,0.857,2026-03,synthetic demo data
REQ-0290,2026-04-09 18:44:00.527590038,2026-04-12 18:04:05.362997209,2.97,8,Completed,6,0.857,2026-04,synthetic demo data
REQ-0291,2026-01-10 23:21:51.720883313,2026-01-13 21:23:35.450682078,2.92,8,Completed,6,0.857,2026-01,synthetic demo data
REQ-0292,2026-02-12 06:24:10.345108067,2026-02-14 13:31:37.305805385,2.3,8,Completed,6,0.857,2026-02,synthetic demo data
REQ-0293,2026-04-23 02:00:29.213390978,2026-04-25 19:38:02.213368028,2.73,8,Completed,6,0.857,2026-04,synthetic demo data
REQ-0294,2026-05-04 15:56:26.812539430,2026-05-06 07:28:46.619040663,1.65,5,Rejected,3,0.75,2026-05,synthetic demo data
REQ-0295,2026-03-09 06:51:27.161082320,2026-03-11 06:46:31.089110123,2.0,5,Rejected,3,0.75,2026-03,synthetic demo data
REQ-0296,2026-03-02 12:34:39.626328618,2026-03-05 18:46:16.062271441,3.26,8,Completed,6,0.857,2026-03,synthetic demo data
REQ-0297,2026-03-31 05:53:26.556461948,2026-04-04 04:59:55.163736748,3.96,8,Completed,6,0.857,2026-03,synthetic demo data
REQ-0298,2026-04-21 13:19:55.450530192,2026-04-25 03:13:55.619345288,3.58,8,Completed,6,0.857,2026-04,synthetic demo data
REQ-0299,2026-06-28 13:47:56.019157990,2026-06-30 21:19:57.968930114,2.31,5,Rejected,3,0.75,2026-06,synthetic demo data
REQ-0300,2026-04-08 12:17:06.623814499,2026-04-11 04:05:42.955566338,2.66,8,Completed,6,0.857,2026-04,synthetic demo data
REQ-0301,2026-03-21 12:30:32.284496505,2026-03-24 23:35:06.128567439,3.46,8,Completed,6,0.857,2026-03,synthetic demo data
REQ-0302,2026-06-13 18:32:06.152335616,2026-06-15 14:49:10.977836183,1.85,5,Rejected,3,0.75,2026-06,synthetic demo data
REQ-0303,2026-03-15 09:23:51.809464375,2026-03-18 02:52:03.638485271,2.73,8,Completed,6,0.857,2026-03,synthetic demo data
REQ-0304,2026-03-04 14:16:58.967878113,2026-03-07 08:13:45.527895511,2.75,8,Completed,6,0.857,2026-03,synthetic demo data
REQ-0305,2026-05-28 12:39:07.572871988,2026-06-01 20:43:23.827660072,4.34,8,Completed,6,0.857,2026-05,synthetic demo data
REQ-0306,2026-03-03 01:02:31.850625121,2026-03-07 01:35:03.144269566,4.02,8,Completed,6,0.857,2026-03,synthetic demo data
REQ-0307,2026-03-24 23:12:54.092484969,2026-03-28 14:36:15.453818801,3.64,8,Completed,6,0.857,2026-03,synthetic demo data
REQ-0308,2026-06-08 01:35:11.024769008,2026-06-11 12:00:16.005564352,3.43,8,Completed,6,0.857,2026-06,synthetic demo data
REQ-0309,2026-03-22 21:23:56.817153304,2026-03-26 09:06:52.158076289,3.49,8,Completed,6,0.857,2026-03,synthetic demo data
REQ-0310,2026-02-14 15:38:16.794900526,2026-02-17 08:08:56.306886831,2.69,8,Completed,6,0.857,2026-02,synthetic demo data
REQ-0311,2026-03-13 03:08:44.253912313,2026-03-16 11:25:56.132201524,3.35,8,Completed,6,0.857,2026-03,synthetic demo data
REQ-0312,2026-06-03 00:46:15.204357988,2026-06-03 03:36:56.725085737,0.12,3,Cancelled,1,0.5,2026-06,synthetic demo data
REQ-0313,2026-05-13 10:13:27.950604388,2026-05-16 01:39:48.453377184,2.64,8,Completed,6,0.857,2026-05,synthetic demo data
REQ-0314,2026-06-06 20:21:20.400617900,2026-06-09 08:03:09.232104698,2.49,6,Cancelled,4,0.8,2026-06,synthetic demo data
REQ-0315,2026-05-04 08:24:34.412842274,2026-05-07 09:16:37.592966090,3.04,8,Completed,6,0.857,2026-05,synthetic demo data
REQ-0316,2026-04-26 01:54:44.142915860,2026-04-29 06:03:12.375932643,3.17,8,Completed,6,0.857,2026-04,synthetic demo data
REQ-0317,2026-04-10 13:01:11.679623870,2026-04-12 15:09:55.774587409,2.09,8,Completed,6,0.857,2026-04,synthetic demo data
REQ-0318,2026-03-12 04:44:04.414666380,2026-03-16 00:41:17.440010027,3.83,8,Completed,6,0.857,2026-03,synthetic demo data
REQ-0319,2026-04-05 16:58:51.747401892,2026-04-09 08:41:30.103465272,3.65,8,Completed,6,0.857,2026-04,synthetic demo data
REQ-0320,2026-02-07 12:05:56.193759937,2026-02-10 01:31:59.992382910,2.56,8,Completed,6,0.857,2026-02,synthetic demo data
REQ-0321,2026-05-23 22:16:27.557435042,2026-05-27 02:33:40.064531985,3.18,8,Completed,6,0.857,2026-05,synthetic demo data
REQ-0322,2026-01-14 10:00:19.749362998,2026-01-16 19:34:28.964753441,2.4,8,Completed,6,0.857,2026-01,synthetic demo data
REQ-0323,2026-01-10 04:08:29.860784817,2026-01-13 06:26:57.296994412,3.1,8,Completed,6,0.857,2026-01,synthetic demo data
REQ-0324,2026-04-25 04:15:10.704172952,2026-04-27 11:58:10.246339902,2.32,8,Completed,6,0.857,2026-04,synthetic demo data
REQ-0325,2026-01-14 21:36:08.072161517,2026-01-17 10:30:30.155976685,2.54,8,Completed,6,0.857,2026-01,synthetic demo data
REQ-0326,2026-06-29 01:20:49.338344862,2026-07-01 05:26:28.351178230,2.17,8,Completed,6,0.857,2026-06,synthetic demo data
REQ-0327,2026-01-31 05:03:09.829292266,2026-02-01 12:52:43.735333742,1.33,5,Rejected,3,0.75,2026-01,synthetic demo data
REQ-0328,2026-04-10 22:28:22.658780072,2026-04-14 13:36:14.935995915,3.63,8,Completed,6,0.857,2026-04,synthetic demo data
REQ-0329,2026-06-25 21:52:20.140910692,2026-06-28 05:05:50.101219478,2.3,8,Completed,6,0.857,2026-06,synthetic demo data
REQ-0330,2026-05-29 03:05:36.873175572,2026-06-01 20:37:41.196473380,3.73,8,Completed,6,0.857,2026-05,synthetic demo data
REQ-0331,2026-03-20 06:11:22.929425945,2026-03-24 00:01:14.557838347,3.74,8,Completed,6,0.857,2026-03,synthetic demo data
REQ-0332,2026-03-19 00:17:41.914133587,2026-03-21 15:57:09.242028877,2.65,8,Completed,6,0.857,2026-03,synthetic demo data
REQ-0333,2026-04-04 22:13:23.759882369,2026-04-08 11:15:01.907301821,3.54,8,Completed,6,0.857,2026-04,synthetic demo data
REQ-0334,2026-04-22 05:42:01.137918236,2026-04-24 11:28:40.368814766,2.24,8,Completed,6,0.857,2026-04,synthetic demo data
REQ-0335,2026-01-30 12:16:32.296498176,2026-02-01 13:59:21.322031002,2.07,5,Rejected,3,0.75,2026-01,synthetic demo data
REQ-0336,2026-02-10 07:16:35.995420589,2026-02-11 18:32:03.359840298,1.47,5,Rejected,3,0.75,2026-02,synthetic demo data
REQ-0337,2026-01-27 18:04:56.245885705,2026-02-01 01:01:36.103633299,4.29,8,Completed,6,0.857,2026-01,synthetic demo data
REQ-0338,2026-03-16 23:45:39.607589016,2026-03-20 20:17:08.813889907,3.86,8,Completed,6,0.857,2026-03,synthetic demo data
REQ-0339,2026-06-15 11:46:26.572212564,2026-06-18 12:07:51.456757067,3.01,8,Completed,6,0.857,2026-06,synthetic demo data
REQ-0340,2026-06-03 03:58:36.685530890,2026-06-04 16:39:49.634568454,1.53,5,Rejected,3,0.75,2026-06,synthetic demo data
REQ-0341,2026-01-30 08:43:02.459215705,2026-02-02 14:09:24.008573774,3.23,8,Completed,6,0.857,2026-01,synthetic demo data
REQ-0342,2026-02-07 17:59:33.300404640,2026-02-09 00:08:44.335481779,1.26,8,Completed,6,0.857,2026-02,synthetic demo data
REQ-0343,2026-06-26 23:13:26.269348246,2026-06-30 11:42:46.587201003,3.52,8,Completed,6,0.857,2026-06,synthetic demo data
REQ-0344,2026-06-06 22:16:19.809737998,2026-06-07 01:24:49.773848605,0.13,3,Cancelled,1,0.5,2026-06,synthetic demo data
REQ-0345,2026-06-13 18:48:22.969253798,2026-06-16 05:02:06.492776922,2.43,8,Completed,6,0.857,2026-06,synthetic demo data
REQ-0346,2026-02-16 15:53:24.172126638,2026-02-19 01:01:26.432270846,2.38,8,Completed,6,0.857,2026-02,synthetic demo data
REQ-0347,2026-06-16 21:10:02.100677614,2026-06-20 00:32:17.859323449,3.14,8,Completed,6,0.857,2026-06,synthetic demo data
REQ-0348,2026-01-19 06:52:53.965843589,2026-01-22 08:53:20.394319446,3.08,8,Completed,6,0.857,2026-01,synthetic demo data
REQ-0349,2026-05-28 07:31:28.969444002,2026-05-30 10:49:57.913978500,2.14,8,Completed,6,0.857,2026-05,synthetic demo data
REQ-0350,2026-05-29 15:14:07.187990910,2026-06-02 05:15:59.805872237,3.58,8,Completed,6,0.857,2026-05,synthetic demo data
REQ-0351,2026-05-15 12:36:46.657603866,2026-05-19 19:16:00.201522856,4.28,8,Completed,6,0.857,2026-05,synthetic demo data
REQ-0352,2026-02-28 02:01:21.408439459,2026-03-01 09:35:15.793837088,1.32,8,Completed,6,0.857,2026-02,synthetic demo data
REQ-0353,2026-06-04 02:49:08.044915384,2026-06-06 13:20:36.762477315,2.44,8,Completed,6,0.857,2026-06,synthetic demo data
REQ-0354,2026-04-21 13:50:06.882714794,2026-04-23 02:21:10.550911747,1.52,5,Rejected,3,0.75,2026-04,synthetic demo data
REQ-0355,2026-06-15 17:53:28.526976754,2026-06-18 19:15:57.790542426,3.06,8,Completed,6,0.857,2026-06,synthetic demo data
REQ-0356,2026-04-27 02:17:45.948979080,2026-04-30 22:12:19.674552099,3.83,8,Completed,6,0.857,2026-04,synthetic demo data
REQ-0357,2026-02-14 09:08:08.302339776,2026-02-16 23:37:30.530243436,2.6,8,Completed,6,0.857,2026-02,synthetic demo data
REQ-0358,2026-06-22 21:32:21.099099562,2026-06-25 07:24:59.124611658,2.41,8,Completed,6,0.857,2026-06,synthetic demo data
REQ-0359,2026-02-10 07:50:01.414504789,2026-02-11 20:30:36.185261949,1.53,5,Rejected,3,0.75,2026-02,synthetic demo data
REQ-0360,2026-02-27 07:18:34.665980721,2026-02-28 18:10:00.899726488,2.45,8,Completed,6,0.857,2026-02,synthetic demo data
REQ-0361,2026-01-16 09:59:16.723973133,2026-01-18 08:53:05.151405098,1.95,8,Completed,6,0.857,2026-01,synthetic demo data
REQ-0362,2026-03-01 00:58:08.681546696,2026-03-04 00:34:47.305364015,2.98,8,Completed,6,0.857,2026-03,synthetic demo data
REQ-0363,2026-04-24 05:10:03.841911108,2026-04-26 12:06:55.064910172,2.29,6,Cancelled,4,0.8,2026-04,synthetic demo data
REQ-0364,2026-03-01 04:52:09.204082431,2026-03-03 06:46:49.711055797,2.08,8,Completed,6,0.857,2026-03,synthetic demo data
REQ-0365,2026-03-18 04:45:25.508124410,2026-03-22 07:00:42.130746584,4.09,8,Completed,6,0.857,2026-03,synthetic demo data
REQ-0366,2026-03-09 03:38:50.372452440,2026-03-11 22:58:58.737309402,2.81,8,Completed,6,0.857,2026-03,synthetic demo data
REQ-0367,2026-06-03 21:26:13.111858136,2026-06-06 04:41:10.937161800,2.3,8,Completed,6,0.857,2026-06,synthetic demo data
REQ-0368,2026-01-11 14:51:54.119501667,2026-01-14 08:30:01.528131870,2.73,8,Completed,6,0.857,2026-01,synthetic demo data
REQ-0369,2026-01-18 16:32:42.432225111,2026-01-22 13:10:18.957854462,3.86,8,Completed,6,0.857,2026-01,synthetic demo data
REQ-0370,2026-01-08 14:35:03.817517970,2026-01-11 17:48:54.227223693,3.13,8,Completed,6,0.857,2026-01,synthetic demo data
REQ-0371,2026-01-11 18:13:56.429756476,2026-01-13 13:02:22.879711856,1.78,5,Rejected,3,0.75,2026-01,synthetic demo data
REQ-0372,2026-02-22 06:32:10.366588410,2026-02-24 17:01:02.830672319,2.44,8,Completed,6,0.857,2026-02,synthetic demo data
REQ-0373,2026-01-29 03:35:31.433575188,2026-01-31 21:02:47.432859595,2.73,8,Completed,6,0.857,2026-01,synthetic demo data
REQ-0374,2026-01-12 15:18:25.993639470,2026-01-14 19:00:01.965362891,2.15,5,Rejected,3,0.75,2026-01,synthetic demo data
REQ-0375,2026-05-22 16:36:10.240250898,2026-05-25 19:26:02.582675737,3.12,8,Completed,6,0.857,2026-05,synthetic demo data
REQ-0376,2026-05-17 03:52:55.335383294,2026-05-19 15:25:48.491179076,2.48,8,Completed,6,0.857,2026-05,synthetic demo data
REQ-0377,2026-01-21 13:22:19.438322591,2026-01-24 17:40:11.897640529,3.18,8,Completed,6,0.857,2026-01,synthetic demo data
REQ-0378,2026-06-11 01:26:30.923410492,2026-06-13 21:06:35.690904130,2.82,8,Completed,6,0.857,2026-06,synthetic demo data
REQ-0379,2026-03-26 10:31:03.241626780,2026-03-29 13:41:30.063712647,3.13,8,Completed,6,0.857,2026-03,synthetic demo data
REQ-0380,2026-04-12 03:10:02.939020880,2026-04-13 02:12:09.331666557,0.96,5,Rejected,3,0.75,2026-04,synthetic demo data
REQ-0381,2026-03-27 05:59:52.735879199,2026-03-29 18:20:09.768474267,2.51,8,Completed,6,0.857,2026-03,synthetic demo data
REQ-0382,2026-04-25 20:58:22.624209372,2026-04-29 13:35:21.597192450,3.69,8,Completed,6,0.857,2026-04,synthetic demo data
REQ-0383,2026-01-07 10:11:42.240784574,2026-01-10 10:10:28.946095582,3.0,8,Completed,6,0.857,2026-01,synthetic demo data
REQ-0384,2026-03-04 20:51:28.247140179,2026-03-08 20:50:33.929233543,4.0,8,Completed,6,0.857,2026-03,synthetic demo data
REQ-0385,2026-01-06 03:23:22.983494791,2026-01-08 22:34:59.558269359,2.8,8,Completed,6,0.857,2026-01,synthetic demo data
REQ-0386,2026-06-17 09:14:15.725652362,2026-06-21 02:52:18.406633535,3.73,8,Completed,6,0.857,2026-06,synthetic demo data
REQ-0387,2026-02-26 09:29:01.794344089,2026-02-27 10:39:39.778689097,1.05,5,Rejected,3,0.75,2026-02,synthetic demo data
REQ-0388,2026-04-19 03:36:27.188680824,2026-04-21 18:20:24.440200895,2.61,8,Completed,6,0.857,2026-04,synthetic demo data
REQ-0389,2026-02-14 01:21:06.716036578,2026-02-16 20:18:40.119805481,2.79,8,Completed,6,0.857,2026-02,synthetic demo data
REQ-0390,2026-01-29 17:50:18.734662415,2026-01-30 17:52:15.882035183,1.0,5,Rejected,3,0.75,2026-01,synthetic demo data
REQ-0391,2026-04-16 12:10:45.712383480,2026-04-17 18:41:27.082252142,1.27,8,Completed,6,0.857,2026-04,synthetic demo data
REQ-0392,2026-04-11 06:47:23.036232529,2026-04-14 18:21:14.957804854,3.48,8,Completed,6,0.857,2026-04,synthetic demo data
REQ-0393,2026-02-28 19:58:23.759579413,2026-03-03 17:12:09.383191605,2.88,8,Completed,6,0.857,2026-02,synthetic demo data
REQ-0394,2026-04-01 16:18:50.732044606,2026-04-06 19:17:47.185583878,5.12,8,Completed,6,0.857,2026-04,synthetic demo data
REQ-0395,2026-04-10 14:30:57.739398379,2026-04-13 11:23:19.690794688,2.87,8,Completed,6,0.857,2026-04,synthetic demo data
REQ-0396,2026-06-24 17:09:12.794386014,2026-06-26 17:01:15.411106036,1.99,5,Rejected,3,0.75,2026-06,synthetic demo data
REQ-0397,2026-01-21 04:56:04.541490582,2026-01-24 22:25:28.123249144,3.73,8,Completed,6,0.857,2026-01,synthetic demo data
REQ-0398,2026-04-03 05:40:59.634393239,2026-04-05 19:24:42.036232743,2.57,8,Completed,6,0.857,2026-04,synthetic demo data
REQ-0399,2026-02-12 03:35:15.324336540,2026-02-16 03:44:13.078460542,4.01,8,Completed,6,0.857,2026-02,synthetic demo data
REQ-0400,2026-01-29 03:06:16.599813149,2026-02-01 08:32:31.890020969,3.23,8,Completed,6,0.857,2026-01,synthetic demo data
REQ-0401,2026-02-14 23:56:07.080254556,2026-02-16 12:12:00.282667480,1.51,5,Rejected,3,0.75,2026-02,synthetic demo data
REQ-0402,2026-01-02 15:36:31.428051031,2026-01-05 08:16:06.146539739,2.69,8,Completed,6,0.857,2026-01,synthetic demo data
REQ-0403,2026-05-16 13:16:58.374826462,2026-05-18 23:26:43.024625072,2.42,8,Completed,6,0.857,2026-05,synthetic demo data
REQ-0404,2026-06-18 03:16:54.904436874,2026-06-22 00:13:59.746211231,3.87,8,Completed,6,0.857,2026-06,synthetic demo data
REQ-0405,2026-05-23 02:50:59.304331924,2026-05-24 14:33:32.040216707,1.49,8,Completed,6,0.857,2026-05,synthetic demo data
REQ-0406,2026-04-09 20:32:28.172618985,2026-04-13 04:47:51.075906785,3.34,8,Completed,6,0.857,2026-04,synthetic demo data
REQ-0407,2026-04-11 17:04:59.828616297,2026-04-13 14:24:11.785494698,1.89,8,Completed,6,0.857,2026-04,synthetic demo data
REQ-0408,2026-05-09 10:41:09.942083352,2026-05-13 00:56:10.013246442,3.59,8,Completed,6,0.857,2026-05,synthetic demo data
REQ-0409,2026-04-12 10:54:44.852081697,2026-04-16 10:51:46.311397388,4.0,8,Completed,6,0.857,2026-04,synthetic demo data
REQ-0410,2026-06-14 18:41:24.009142518,2026-06-17 15:36:11.667454214,2.87,8,Completed,6,0.857,2026-06,synthetic demo data
REQ-0411,2026-03-09 22:39:44.292852357,2026-03-12 16:48:45.631867629,2.76,8,Completed,6,0.857,2026-03,synthetic demo data
REQ-0412,2026-03-26 14:24:49.451815766,2026-03-28 15:36:32.937736975,2.05,6,Cancelled,4,0.8,2026-03,synthetic demo data
REQ-0413,2026-02-25 00:28:37.397595907,2026-02-26 14:48:12.087352850,1.6,8,Completed,6,0.857,2026-02,synthetic demo data
REQ-0414,2026-01-21 23:24:13.600639015,2026-01-24 05:35:26.649086911,2.26,8,Completed,6,0.857,2026-01,synthetic demo data
REQ-0415,2026-06-16 00:38:17.565902112,2026-06-19 04:40:51.913021749,3.17,8,Completed,6,0.857,2026-06,synthetic demo data
REQ-0416,2026-06-04 07:22:05.243722452,2026-06-06 22:37:10.888073513,2.64,8,Completed,6,0.857,2026-06,synthetic demo data
REQ-0417,2026-03-11 00:54:50.182187304,2026-03-14 17:22:30.242388535,3.69,8,Completed,6,0.857,2026-03,synthetic demo data
REQ-0418,2026-06-14 02:23:52.455043782,2026-06-17 05:06:29.348868942,3.11,8,Completed,6,0.857,2026-06,synthetic demo data
REQ-0419,2026-01-16 23:58:40.494990449,2026-01-18 09:19:33.900130668,1.39,5,Rejected,3,0.75,2026-01,synthetic demo data
REQ-0420,2026-02-22 00:07:46.546385727,2026-02-23 23:18:26.214449231,1.97,6,Cancelled,4,0.8,2026-02,synthetic demo data
REQ-0421,2026-01-27 03:36:35.665381026,2026-01-29 16:34:43.931948383,2.54,8,Completed,6,0.857,2026-01,synthetic demo data
REQ-0422,2026-05-05 09:22:53.970085806,2026-05-07 23:36:48.467555967,2.59,8,Completed,6,0.857,2026-05,synthetic demo data
REQ-0423,2026-04-30 16:40:34.411616190,2026-05-03 15:21:57.025717702,2.95,8,Completed,6,0.857,2026-04,synthetic demo data
REQ-0424,2026-03-16 04:45:08.379045265,2026-03-18 11:22:00.795555203,2.28,8,Completed,6,0.857,2026-03,synthetic demo data
REQ-0425,2026-05-27 05:24:00.342039372,2026-05-27 08:30:48.475976262,0.13,3,Cancelled,1,0.5,2026-05,synthetic demo data
REQ-0426,2026-03-04 09:11:12.194344566,2026-03-07 16:39:12.229854915,3.31,8,Completed,6,0.857,2026-03,synthetic demo data
REQ-0427,2026-01-16 07:17:04.138045827,2026-01-16 10:12:43.453626037,0.12,3,Cancelled,1,0.5,2026-01,synthetic demo data
REQ-0428,2026-01-11 16:29:45.693024989,2026-01-14 20:42:18.243375398,3.18,8,Completed,6,0.857,2026-01,synthetic demo data
REQ-0429,2026-03-09 18:35:35.031480041,2026-03-12 12:44:54.396180941,2.76,8,Completed,6,0.857,2026-03,synthetic demo data
REQ-0430,2026-04-13 05:56:53.742521737,2026-04-15 19:14:29.535152881,2.55,8,Completed,6,0.857,2026-04,synthetic demo data
REQ-0431,2026-03-04 00:24:58.404164489,2026-03-07 05:37:40.705461063,3.22,8,Completed,6,0.857,2026-03,synthetic demo data
REQ-0432,2026-03-17 14:53:19.336680517,2026-03-19 21:26:32.204526021,2.27,8,Completed,6,0.857,2026-03,synthetic demo data
REQ-0433,2026-03-01 00:06:56.691261107,2026-03-04 18:37:06.720214239,3.77,8,Completed,6,0.857,2026-03,synthetic demo data
REQ-0434,2026-05-30 04:49:21.606847694,2026-06-01 15:13:45.787689250,2.43,8,Completed,6,0.857,2026-05,synthetic demo data
REQ-0435,2026-05-27 22:13:10.744842886,2026-05-31 11:08:41.642729763,3.54,8,Completed,6,0.857,2026-05,synthetic demo data
REQ-0436,2026-04-14 14:56:30.346556613,2026-04-17 12:24:37.906420021,2.89,6,Cancelled,4,0.8,2026-04,synthetic demo data
REQ-0437,2026-02-08 09:21:24.733891910,2026-02-12 03:28:24.638494925,3.75,8,Completed,6,0.857,2026-02,synthetic demo data
REQ-0438,2026-02-06 10:10:11.949561905,2026-02-07 19:45:43.007888354,1.4,5,Rejected,3,0.75,2026-02,synthetic demo data
REQ-0439,2026-03-25 00:04:59.436026102,2026-03-28 02:35:25.074706579,3.1,8,Completed,6,0.857,2026-03,synthetic demo data
REQ-0440,2026-02-15 03:20:32.802012876,2026-02-16 05:54:34.047572332,1.11,5,Rejected,3,0.75,2026-02,synthetic demo data
REQ-0441,2026-04-29 13:03:15.451230060,2026-05-02 13:48:16.785271987,3.03,8,Completed,6,0.857,2026-04,synthetic demo data
REQ-0442,2026-01-15 11:04:44.087494883,2026-01-18 12:47:26.782025756,3.07,8,Completed,6,0.857,2026-01,synthetic demo data
REQ-0443,2026-06-22 05:10:34.822341198,2026-06-24 04:56:16.259183997,1.99,6,Cancelled,4,0.8,2026-06,synthetic demo data
REQ-0444,2026-01-05 13:37:02.565192989,2026-01-05 16:28:31.222603350,0.12,3,Cancelled,1,0.5,2026-01,synthetic demo data
REQ-0445,2026-04-27 04:17:56.797202454,2026-04-29 21:08:55.489614659,2.7,8,Completed,6,0.857,2026-04,synthetic demo data
REQ-0446,2026-01-29 17:10:25.209961059,2026-02-02 18:32:36.212835786,4.06,8,Completed,6,0.857,2026-01,synthetic demo data
REQ-0447,2026-03-18 22:25:21.924533582,2026-03-23 06:15:37.063478719,4.33,8,Completed,6,0.857,2026-03,synthetic demo data
REQ-0448,2026-01-06 23:17:01.167484888,2026-01-08 13:43:03.621365236,1.6,8,Completed,6,0.857,2026-01,synthetic demo data
REQ-0449,2026-03-15 20:22:00.638176937,2026-03-19 08:31:32.495156687,3.51,8,Completed,6,0.857,2026-03,synthetic demo data
REQ-0450,2026-04-26 01:34:24.093904292,2026-04-28 12:44:57.718383368,2.47,8,Completed,6,0.857,2026-04,synthetic demo data
REQ-0451,2026-03-07 09:19:48.674558734,2026-03-11 01:49:12.983429052,3.69,8,Completed,6,0.857,2026-03,synthetic demo data
REQ-0452,2026-01-06 10:54:30.164421809,2026-01-08 19:28:35.731301324,2.36,8,Completed,6,0.857,2026-01,synthetic demo data
REQ-0453,2026-03-08 02:06:50.722935602,2026-03-10 14:14:26.442728942,2.51,8,Completed,6,0.857,2026-03,synthetic demo data
REQ-0454,2026-03-16 17:17:31.424624108,2026-03-18 09:48:50.372124806,1.69,8,Completed,6,0.857,2026-03,synthetic demo data
REQ-0455,2026-02-16 05:37:00.739564889,2026-02-19 01:35:56.286834289,2.83,6,Cancelled,4,0.8,2026-02,synthetic demo data
REQ-0456,2026-04-21 23:44:58.260271534,2026-04-25 03:46:11.696704247,3.17,8,Completed,6,0.857,2026-04,synthetic demo data
REQ-0457,2026-03-08 18:16:08.548575981,2026-03-12 11:57:35.780244063,3.74,8,Completed,6,0.857,2026-03,synthetic demo data
REQ-0458,2026-03-10 22:08:07.456788054,2026-03-14 07:03:32.624501312,3.37,8,Completed,6,0.857,2026-03,synthetic demo data
REQ-0459,2026-03-03 15:43:25.487285599,2026-03-06 23:33:59.555552483,3.33,8,Completed,6,0.857,2026-03,synthetic demo data
REQ-0460,2026-04-15 20:59:33.138636226,2026-04-18 13:10:37.884904013,2.67,8,Completed,6,0.857,2026-04,synthetic demo data
REQ-0461,2026-01-14 12:32:17.905094874,2026-01-16 17:47:10.985338654,2.22,8,Completed,6,0.857,2026-01,synthetic demo data
REQ-0462,2026-02-23 12:48:54.463145352,2026-02-26 00:09:37.033775898,2.47,8,Completed,6,0.857,2026-02,synthetic demo data
REQ-0463,2026-01-20 10:55:50.763670151,2026-01-22 07:27:25.515371308,1.86,8,Completed,6,0.857,2026-01,synthetic demo data
REQ-0464,2026-03-19 03:37:50.267508214,2026-03-22 09:48:00.275620987,3.26,6,Cancelled,4,0.8,2026-03,synthetic demo data
REQ-0465,2026-02-06 18:58:23.640232310,2026-02-07 23:46:02.181369042,1.2,5,Rejected,3,0.75,2026-02,synthetic demo data
REQ-0466,2026-01-17 02:18:28.803996376,2026-01-18 03:00:41.260459111,1.03,8,Completed,6,0.857,2026-01,synthetic demo data
REQ-0467,2026-06-28 16:51:54.258829404,2026-07-01 09:23:29.503313498,2.69,8,Completed,6,0.857,2026-06,synthetic demo data
REQ-0468,2026-03-02 12:20:30.637084427,2026-03-06 17:07:49.195175505,4.2,8,Completed,6,0.857,2026-03,synthetic demo data
REQ-0469,2026-01-28 19:39:19.147631862,2026-01-31 11:46:34.531903523,2.67,6,Cancelled,4,0.8,2026-01,synthetic demo data
REQ-0470,2026-01-09 02:46:26.555509274,2026-01-12 11:15:39.875794532,3.35,8,Completed,6,0.857,2026-01,synthetic demo data
REQ-0471,2026-02-27 01:16:30.094171727,2026-03-01 15:58:47.912196399,3.61,8,Completed,6,0.857,2026-02,synthetic demo data
REQ-0472,2026-03-05 06:51:34.221004223,2026-03-09 03:11:44.300076882,3.85,8,Completed,6,0.857,2026-03,synthetic demo data
REQ-0473,2026-05-16 00:07:20.762706126,2026-05-18 04:55:56.763812721,2.2,6,Cancelled,4,0.8,2026-05,synthetic demo data
REQ-0474,2026-05-09 12:41:03.772171190,2026-05-12 18:21:45.191632994,3.24,8,Completed,6,0.857,2026-05,synthetic demo data
REQ-0475,2026-03-12 11:53:54.128585654,2026-03-14 09:00:34.933337659,1.88,8,Completed,6,0.857,2026-03,synthetic demo data
REQ-0476,2026-05-05 12:19:40.928229408,2026-05-08 19:03:57.570655506,3.28,8,Completed,6,0.857,2026-05,synthetic demo data
REQ-0477,2026-04-27 05:34:58.781402026,2026-04-29 17:24:48.752677105,2.49,8,Completed,6,0.857,2026-04,synthetic demo data
REQ-0478,2026-06-15 13:19:32.420513074,2026-06-18 07:57:18.345824153,2.78,8,Completed,6,0.857,2026-06,synthetic demo data
REQ-0479,2026-02-09 20:15:14.270355911,2026-02-13 15:26:01.566379843,3.8,8,Completed,6,0.857,2026-02,synthetic demo data
REQ-0480,2026-02-25 10:13:00.762896243,2026-02-28 17:12:12.716402873,4.29,8,Completed,6,0.857,2026-02,synthetic demo data
REQ-0481,2026-05-19 02:54:01.503057370,2026-05-20 10:40:34.172523851,1.32,8,Completed,6,0.857,2026-05,synthetic demo data
REQ-0482,2026-05-24 01:16:30.566344448,2026-05-26 21:49:30.632365852,2.86,8,Completed,6,0.857,2026-05,synthetic demo data
REQ-0483,2026-05-11 23:31:19.589674144,2026-05-14 16:04:47.467643483,2.69,8,Completed,6,0.857,2026-05,synthetic demo data
REQ-0484,2026-05-23 14:27:40.491288076,2026-05-26 21:44:50.385782837,3.3,8,Completed,6,0.857,2026-05,synthetic demo data
REQ-0485,2026-03-19 16:34:44.701201209,2026-03-23 04:23:23.433109417,3.49,8,Completed,6,0.857,2026-03,synthetic demo data
REQ-0486,2026-02-07 16:51:02.955722859,2026-02-10 04:31:16.234748494,2.49,8,Completed,6,0.857,2026-02,synthetic demo data
REQ-0487,2026-04-06 22:37:17.885610528,2026-04-08 07:02:08.967605664,1.35,8,Completed,6,0.857,2026-04,synthetic demo data
REQ-0488,2026-06-26 19:53:08.973279080,2026-06-29 04:58:44.984629396,2.38,8,Completed,6,0.857,2026-06,synthetic demo data
REQ-0489,2026-01-20 02:51:42.661667566,2026-01-22 00:09:53.536364948,1.89,6,Cancelled,4,0.8,2026-01,synthetic demo data
REQ-0490,2026-04-09 19:11:20.658717129,2026-04-13 05:49:49.927875872,3.44,8,Completed,6,0.857,2026-04,synthetic demo data
REQ-0491,2026-05-25 11:55:12.112619808,2026-05-27 03:49:02.354890135,1.66,5,Rejected,3,0.75,2026-05,synthetic demo data
REQ-0492,2026-02-04 14:03:46.908529655,2026-02-05 14:55:12.372446743,1.04,5,Rejected,3,0.75,2026-02,synthetic demo data
REQ-0493,2026-03-05 13:54:46.420241107,2026-03-07 21:02:05.522208998,2.3,8,Completed,6,0.857,2026-03,synthetic demo data
REQ-0494,2026-02-03 02:04:18.238611075,2026-02-04 11:37:52.870714449,1.4,5,Rejected,3,0.75,2026-02,synthetic demo data
REQ-0495,2026-06-06 11:16:52.019226058,2026-06-09 01:28:46.714468696,2.59,8,Completed,6,0.857,2026-06,synthetic demo data
REQ-0496,2026-01-13 11:08:35.305070154,2026-01-13 17:35:49.872118233,0.27,3,Cancelled,1,0.5,2026-01,synthetic demo data
REQ-0497,2026-04-28 07:55:32.131313382,2026-05-01 18:47:37.629974446,3.45,8,Completed,6,0.857,2026-04,synthetic demo data
REQ-0498,2026-02-05 14:43:59.957565638,2026-02-08 16:14:51.518898162,3.06,8,Completed,6,0.857,2026-02,synthetic demo data
REQ-0499,2026-03-25 02:31:34.848534585,2026-03-27 15:54:12.685899946,2.56,8,Completed,6,0.857,2026-03,synthetic demo data
REQ-0500,2026-03-17 11:59:51.856602788,2026-03-19 15:09:11.911925987,2.13,8,Completed,6,0.857,2026-03,synthetic demo data
REQ-0501,2026-06-03 14:06:08.916360740,2026-06-06 17:13:36.596805066,3.13,8,Completed,6,0.857,2026-06,synthetic demo data
REQ-0502,2026-06-13 03:18:29.211902126,2026-06-16 21:36:16.236372587,3.76,8,Completed,6,0.857,2026-06,synthetic demo data
REQ-0503,2026-03-13 21:47:56.560014904,2026-03-16 00:09:31.766233247,2.1,8,Completed,6,0.857,2026-03,synthetic demo data
REQ-0504,2026-01-03 13:46:14.879259535,2026-01-03 17:39:30.621783957,0.16,3,Cancelled,1,0.5,2026-01,synthetic demo data
REQ-0505,2026-03-03 08:11:37.105673629,2026-03-06 19:06:14.391388803,3.45,8,Completed,6,0.857,2026-03,synthetic demo data
REQ-0506,2026-05-22 04:33:17.974030746,2026-05-26 12:13:05.854335176,4.32,8,Completed,6,0.857,2026-05,synthetic demo data
REQ-0507,2026-01-11 23:01:14.051271035,2026-01-15 22:56:04.205137791,4.0,8,Completed,6,0.857,2026-01,synthetic demo data
REQ-0508,2026-01-14 00:44:38.826954410,2026-01-15 21:49:23.213278809,1.88,5,Rejected,3,0.75,2026-01,synthetic demo data
REQ-0509,2026-01-24 07:28:59.588521069,2026-01-26 04:31:56.961202256,1.88,6,Cancelled,4,0.8,2026-01,synthetic demo data
REQ-0510,2026-06-07 06:23:51.297924910,2026-06-10 20:58:50.556676326,3.61,8,Completed,6,0.857,2026-06,synthetic demo data
REQ-0511,2026-06-20 18:30:25.681559398,2026-06-24 15:20:04.596567595,3.87,8,Completed,6,0.857,2026-06,synthetic demo data
REQ-0512,2026-03-26 22:26:25.835913242,2026-03-30 05:20:59.205182653,3.29,8,Completed,6,0.857,2026-03,synthetic demo data
REQ-0513,2026-01-31 22:05:26.690225491,2026-02-04 02:29:42.525353480,3.18,8,Completed,6,0.857,2026-01,synthetic demo data
REQ-0514,2026-05-31 22:31:27.828914904,2026-06-04 11:00:45.940660631,3.52,8,Completed,6,0.857,2026-05,synthetic demo data
REQ-0515,2026-04-27 23:40:02.142739202,2026-05-01 03:29:01.019794954,3.16,8,Completed,6,0.857,2026-04,synthetic demo data
REQ-0516,2026-01-04 20:54:23.199889531,2026-01-07 14:33:24.001684509,2.74,8,Completed,6,0.857,2026-01,synthetic demo data
REQ-0517,2026-01-10 18:51:29.832293215,2026-01-13 21:24:13.415719216,3.11,8,Completed,6,0.857,2026-01,synthetic demo data
REQ-0518,2026-02-02 19:56:43.608116994,2026-02-05 06:03:36.808444674,2.42,8,Completed,6,0.857,2026-02,synthetic demo data
REQ-0519,2026-02-25 20:06:30.513588048,2026-02-28 17:45:57.191182920,3.9,8,Completed,6,0.857,2026-02,synthetic demo data
REQ-0520,2026-02-24 16:42:47.065611750,2026-02-26 00:47:15.000361643,1.34,5,Rejected,3,0.75,2026-02,synthetic demo data
REQ-0521,2026-01-21 02:37:28.897392495,2026-01-23 11:13:48.163231374,2.36,8,Completed,6,0.857,2026-01,synthetic demo data
REQ-0522,2026-04-29 06:09:13.213048878,2026-04-30 21:33:25.404181704,1.64,8,Completed,6,0.857,2026-04,synthetic demo data
REQ-0523,2026-02-28 06:22:41.191017286,2026-03-02 15:15:01.579459270,2.37,8,Completed,6,0.857,2026-02,synthetic demo data
REQ-0524,2026-02-20 12:37:24.728805497,2026-02-22 23:27:19.995298798,2.45,8,Completed,6,0.857,2026-02,synthetic demo data
REQ-0525,2026-03-24 00:43:37.680202999,2026-03-28 03:51:11.322033901,4.13,8,Completed,6,0.857,2026-03,synthetic demo data
REQ-0526,2026-04-06 10:14:17.212632824,2026-04-10 08:22:47.516318862,3.92,8,Completed,6,0.857,2026-04,synthetic demo data
REQ-0527,2026-06-03 11:45:45.622084174,2026-06-05 06:15:33.841127706,1.77,8,Completed,6,0.857,2026-06,synthetic demo data
REQ-0528,2026-02-04 03:55:58.025938648,2026-02-07 03:41:23.659956315,2.99,8,Completed,6,0.857,2026-02,synthetic demo data
REQ-0529,2026-03-18 23:50:55.184292987,2026-03-23 00:11:21.516406161,4.01,8,Completed,6,0.857,2026-03,synthetic demo data
REQ-0530,2026-04-10 19:04:13.624028020,2026-04-13 19:58:04.383381347,3.04,8,Completed,6,0.857,2026-04,synthetic demo data
REQ-0531,2026-03-31 22:38:46.449896950,2026-04-03 14:27:11.831118399,2.66,5,Rejected,3,0.75,2026-03,synthetic demo data
REQ-0532,2026-01-10 03:14:36.257684666,2026-01-11 00:29:25.305837823,0.89,5,Rejected,3,0.75,2026-01,synthetic demo data
REQ-0533,2026-02-19 20:28:08.295672294,2026-02-22 12:46:31.539303817,2.68,8,Completed,6,0.857,2026-02,synthetic demo data
REQ-0534,2026-02-15 10:37:36.867489729,2026-02-19 02:06:06.201247244,3.64,8,Completed,6,0.857,2026-02,synthetic demo data
REQ-0535,2026-05-26 19:26:04.899076550,2026-05-29 13:23:31.451129507,2.75,6,Cancelled,4,0.8,2026-05,synthetic demo data
REQ-0536,2026-04-14 00:47:23.124750050,2026-04-18 02:39:08.240419106,4.08,8,Completed,6,0.857,2026-04,synthetic demo data
REQ-0537,2026-03-29 10:28:10.452938724,2026-03-30 16:08:09.463806442,1.24,5,Rejected,3,0.75,2026-03,synthetic demo data
REQ-0538,2026-06-26 00:03:10.523570514,2026-06-29 07:18:43.509728809,3.3,8,Completed,6,0.857,2026-06,synthetic demo data
REQ-0539,2026-05-11 17:49:03.860384280,2026-05-13 19:35:19.559474750,2.07,8,Completed,6,0.857,2026-05,synthetic demo data
REQ-0540,2026-06-15 12:25:23.977510646,2026-06-17 20:18:36.860459619,2.33,8,Completed,6,0.857,2026-06,synthetic demo data
REQ-0541,2026-06-04 22:04:44.701912918,2026-06-08 03:12:07.270366028,3.21,8,Completed,6,0.857,2026-06,synthetic demo data
REQ-0542,2026-04-02 13:38:43.208504735,2026-04-04 14:06:47.621550093,2.02,8,Completed,6,0.857,2026-04,synthetic demo data
REQ-0543,2026-02-19 12:04:25.318412874,2026-02-22 14:34:42.320042196,3.1,8,Completed,6,0.857,2026-02,synthetic demo data
REQ-0544,2026-02-10 03:24:30.113135213,2026-02-12 15:33:21.531244034,2.51,8,Completed,6,0.857,2026-02,synthetic demo data
REQ-0545,2026-02-26 04:12:37.821125481,2026-02-28 12:08:59.189104499,2.33,8,Completed,6,0.857,2026-02,synthetic demo data
REQ-0546,2026-04-13 17:57:51.422440259,2026-04-13 21:19:21.491983909,0.14,3,Cancelled,1,0.5,2026-04,synthetic demo data
REQ-0547,2026-03-23 05:36:12.036580431,2026-03-25 05:44:15.426711351,2.01,5,Rejected,3,0.75,2026-03,synthetic demo data
REQ-0548,2026-03-02 15:17:17.102983181,2026-03-05 08:14:55.412278889,2.71,8,Completed,6,0.857,2026-03,synthetic demo data
REQ-0549,2026-01-21 10:05:48.056777016,2026-01-24 08:45:03.527615952,2.94,6,Cancelled,4,0.8,2026-01,synthetic demo data
REQ-0550,2026-06-28 19:38:55.371535348,2026-07-02 03:38:01.064375113,3.33,8,Completed,6,0.857,2026-06,synthetic demo data
REQ-0551,2026-06-03 04:33:21.851792234,2026-06-07 00:50:45.713653948,3.85,8,Completed,6,0.857,2026-06,synthetic demo data
REQ-0552,2026-03-02 23:48:02.977162767,2026-03-07 01:39:58.019356380,4.08,8,Completed,6,0.857,2026-03,synthetic demo data
REQ-0553,2026-06-11 14:06:13.432154426,2026-06-15 05:15:13.977110032,3.63,8,Completed,6,0.857,2026-06,synthetic demo data
REQ-0554,2026-02-18 11:52:38.375244166,2026-02-21 11:19:21.950453429,2.98,8,Completed,6,0.857,2026-02,synthetic demo data
REQ-0555,2026-06-14 06:41:20.010376738,2026-06-18 17:27:30.694193776,4.45,8,Completed,6,0.857,2026-06,synthetic demo data
REQ-0556,2026-02-08 01:44:59.473656398,2026-02-10 18:05:07.533396550,2.68,8,Completed,6,0.857,2026-02,synthetic demo data
REQ-0557,2026-01-21 07:40:29.951547606,2026-01-22 11:48:34.747139311,1.17,8,Completed,6,0.857,2026-01,synthetic demo data
REQ-0558,2026-01-13 02:43:54.098277588,2026-01-15 10:38:17.970620124,2.33,8,Completed,6,0.857,2026-01,synthetic demo data
REQ-0559,2026-04-12 21:52:00.454917252,2026-04-15 18:01:26.949214404,2.84,8,Completed,6,0.857,2026-04,synthetic demo data
REQ-0560,2026-03-18 21:14:05.203381931,2026-03-20 00:00:05.027060648,1.12,5,Rejected,3,0.75,2026-03,synthetic demo data
REQ-0561,2026-06-28 22:50:30.935777730,2026-07-02 10:36:57.797294657,3.49,8,Completed,6,0.857,2026-06,synthetic demo data
REQ-0562,2026-01-04 09:41:17.007259930,2026-01-07 13:52:20.779656677,3.17,8,Completed,6,0.857,2026-01,synthetic demo data
REQ-0563,2026-03-20 00:12:02.421227466,2026-03-21 12:34:07.039982660,1.52,8,Completed,6,0.857,2026-03,synthetic demo data
REQ-0564,2026-04-14 14:20:58.539456844,2026-04-18 02:47:40.206161053,3.52,8,Completed,6,0.857,2026-04,synthetic demo data
REQ-0565,2026-04-07 16:16:13.440572470,2026-04-11 05:02:30.627628104,3.53,8,Completed,6,0.857,2026-04,synthetic demo data
REQ-0566,2026-03-15 21:25:31.675523573,2026-03-18 12:42:37.124496179,2.64,8,Completed,6,0.857,2026-03,synthetic demo data
REQ-0567,2026-01-14 15:21:57.581415464,2026-01-15 23:29:39.952585999,1.34,5,Rejected,3,0.75,2026-01,synthetic demo data
REQ-0568,2026-03-17 20:55:15.432945360,2026-03-20 06:37:05.420844798,2.4,8,Completed,6,0.857,2026-03,synthetic demo data
REQ-0569,2026-02-06 16:17:31.982537614,2026-02-09 14:53:59.570272384,2.94,8,Completed,6,0.857,2026-02,synthetic demo data
REQ-0570,2026-02-20 13:01:40.728012198,2026-02-23 12:09:33.325175352,2.96,8,Completed,6,0.857,2026-02,synthetic demo data
REQ-0571,2026-03-21 00:43:09.041939735,2026-03-24 19:50:19.721316039,3.8,8,Completed,6,0.857,2026-03,synthetic demo data
REQ-0572,2026-05-02 20:27:43.862109880,2026-05-07 07:40:32.393879813,4.47,8,Completed,6,0.857,2026-05,synthetic demo data
REQ-0573,2026-01-21 00:06:52.574414771,2026-01-23 21:58:47.827715846,2.91,8,Completed,6,0.857,2026-01,synthetic demo data
REQ-0574,2026-02-10 03:11:47.639580049,2026-02-13 11:08:08.238329277,3.33,8,Completed,6,0.857,2026-02,synthetic demo data
REQ-0575,2026-04-13 08:44:43.690549273,2026-04-14 18:25:17.495955384,1.4,8,Completed,6,0.857,2026-04,synthetic demo data
REQ-0576,2026-02-28 16:35:29.911084249,2026-03-02 13:07:49.753850447,2.86,8,Completed,6,0.857,2026-02,synthetic demo data
REQ-0577,2026-03-02 19:38:46.866709929,2026-03-05 10:15:25.909846818,2.61,8,Completed,6,0.857,2026-03,synthetic demo data
REQ-0578,2026-04-23 23:02:29.706888322,2026-04-26 04:25:38.401254888,2.22,6,Cancelled,4,0.8,2026-04,synthetic demo data
REQ-0579,2026-01-10 23:28:34.477432268,2026-01-14 02:33:47.886124152,3.13,8,Completed,6,0.857,2026-01,synthetic demo data
REQ-0580,2026-02-11 09:08:39.021695445,2026-02-12 17:03:56.188079305,1.33,8,Completed,6,0.857,2026-02,synthetic demo data
REQ-0581,2026-05-09 00:14:43.786656226,2026-05-09 03:25:58.670276047,0.13,3,Cancelled,1,0.5,2026-05,synthetic demo data
REQ-0582,2026-03-28 22:04:06.198642458,2026-04-01 16:28:28.301003182,3.77,8,Completed,6,0.857,2026-03,synthetic demo data
REQ-0583,2026-01-14 02:51:28.937023943,2026-01-17 00:32:54.900931248,2.9,8,Completed,6,0.857,2026-01,synthetic demo data
REQ-0584,2026-06-13 07:04:07.185072680,2026-06-16 04:15:44.628370550,2.88,8,Completed,6,0.857,2026-06,synthetic demo data
REQ-0585,2026-01-19 22:23:22.958766740,2026-01-20 14:32:51.159259180,0.67,5,Rejected,3,0.75,2026-01,synthetic demo data
REQ-0586,2026-04-17 13:33:31.426314156,2026-04-20 20:34:36.357879262,3.29,8,Completed,6,0.857,2026-04,synthetic demo data
REQ-0587,2026-01-31 08:52:05.296378834,2026-02-01 23:57:04.218484195,1.63,5,Rejected,3,0.75,2026-01,synthetic demo data
REQ-0588,2026-05-06 17:07:44.515887722,2026-05-08 05:41:51.453241230,1.52,8,Completed,6,0.857,2026-05,synthetic demo data
REQ-0589,2026-03-28 23:35:12.895799633,2026-03-30 20:28:06.986480088,1.87,8,Completed,6,0.857,2026-03,synthetic demo data
REQ-0590,2026-03-19 15:41:58.369562487,2026-03-22 06:38:44.757917750,2.62,8,Completed,6,0.857,2026-03,synthetic demo data
REQ-0591,2026-02-06 01:05:58.963088118,2026-02-09 12:18:24.117649591,3.47,8,Completed,6,0.857,2026-02,synthetic demo data
REQ-0592,2026-02-14 14:47:23.288911257,2026-02-18 16:03:15.992730822,4.05,8,Completed,6,0.857,2026-02,synthetic demo data
REQ-0593,2026-01-23 00:38:03.442107563,2026-01-25 11:06:36.272287996,2.44,8,Completed,6,0.857,2026-01,synthetic demo data
REQ-0594,2026-02-24 17:51:41.186435328,2026-02-24 20:42:00.760483077,0.12,3,Cancelled,1,0.5,2026-02,synthetic demo data
REQ-0595,2026-04-22 14:50:40.697072148,2026-04-26 06:47:53.288581868,3.66,8,Completed,6,0.857,2026-04,synthetic demo data
REQ-0596,2026-02-10 13:45:12.891094499,2026-02-13 09:54:07.969497011,2.84,8,Completed,6,0.857,2026-02,synthetic demo data
REQ-0597,2026-06-17 07:53:06.155472770,2026-06-19 11:17:05.438054033,2.14,8,Completed,6,0.857,2026-06,synthetic demo data
REQ-0598,2026-03-06 23:01:21.173404709,2026-03-10 06:43:54.382230695,3.32,8,Completed,6,0.857,2026-03,synthetic demo data
REQ-0599,2026-01-05 11:29:49.450285925,2026-01-08 20:04:05.223117102,3.36,8,Completed,6,0.857,2026-01,synthetic demo data
REQ-0600,2026-04-20 13:29:14.867034364,2026-04-24 03:37:34.241779735,3.59,8,Completed,6,0.857,2026-04,synthetic demo data
