record_id,employee_id,period_start,period_end,planned_hours,actual_hours,meeting_hours,focus_hours,open_work_items,completed_work_items,overtime_hours,data_origin,data_source
WL-0001,EMP0001,2026-09-21,2026-09-27,27,26,8,10,16,17,0,synthetic_demo,synthetic demo data
WL-0002,EMP0002,2026-09-21,2026-09-27,36,33,4,18,3,20,0,synthetic_demo,synthetic demo data
WL-0003,EMP0003,2026-09-21,2026-09-27,26,38,10,17,10,12,0,synthetic_demo,synthetic demo data
WL-0004,EMP0004,2026-09-21,2026-09-27,36,34,2,26,18,18,0,synthetic_demo,synthetic demo data
WL-0005,EMP0005,2026-09-21,2026-09-27,30,27,15,22,10,12,0,synthetic_demo,synthetic demo data
WL-0006,EMP0006,2026-09-21,2026-09-27,35,36,14,9,9,12,0,synthetic_demo,synthetic demo data
WL-0007,EMP0007,2026-09-21,2026-09-27,30,32,10,18,15,11,0,synthetic_demo,synthetic demo data
WL-0008,EMP0008,2026-09-21,2026-09-27,34,26,16,22,10,6,0,synthetic_demo,synthetic demo data
WL-0009,EMP0009,2026-09-21,2026-09-27,40,45,8,27,8,11,5,synthetic_demo,synthetic demo data
WL-0010,EMP0010,2026-09-21,2026-09-27,40,36,15,15,10,14,0,synthetic_demo,synthetic demo data
WL-0011,EMP0011,2026-09-21,2026-09-27,26,49,12,8,17,11,9,synthetic_demo,synthetic demo data
WL-0012,EMP0012,2026-09-21,2026-09-27,39,24,12,14,17,16,0,synthetic_demo,synthetic demo data
WL-0013,EMP0013,2026-09-21,2026-09-27,29,34,3,18,1,6,0,synthetic_demo,synthetic demo data
WL-0014,EMP0014,2026-09-21,2026-09-27,31,40,8,19,13,3,0,synthetic_demo,synthetic demo data
WL-0015,EMP0015,2026-09-21,2026-09-27,29,46,9,26,0,2,6,synthetic_demo,synthetic demo data
WL-0016,EMP0016,2026-09-21,2026-09-27,41,33,2,22,8,7,0,synthetic_demo,synthetic demo data
WL-0017,EMP0017,2026-09-21,2026-09-27,34,36,11,20,1,6,0,synthetic_demo,synthetic demo data
WL-0018,EMP0018,2026-09-21,2026-09-27,36,30,3,24,6,4,0,synthetic_demo,synthetic demo data
WL-0019,EMP0019,2026-09-21,2026-09-27,40,25,16,22,12,2,0,synthetic_demo,synthetic demo data
WL-0020,EMP0020,2026-09-21,2026-09-27,33,41,10,17,18,19,1,synthetic_demo,synthetic demo data
WL-0021,EMP0021,2026-09-21,2026-09-27,42,41,10,26,6,6,1,synthetic_demo,synthetic demo data
WL-0022,EMP0022,2026-09-21,2026-09-27,25,43,8,22,6,2,3,synthetic_demo,synthetic demo data
WL-0023,EMP0023,2026-09-21,2026-09-27,32,30,6,20,9,7,0,synthetic_demo,synthetic demo data
WL-0024,EMP0024,2026-09-21,2026-09-27,31,34,5,11,3,18,0,synthetic_demo,synthetic demo data
WL-0025,EMP0025,2026-09-21,2026-09-27,38,34,2,9,18,4,0,synthetic_demo,synthetic demo data
WL-0026,EMP0026,2026-09-21,2026-09-27,25,26,12,8,18,6,0,synthetic_demo,synthetic demo data
WL-0027,EMP0027,2026-09-21,2026-09-27,38,30,9,20,3,5,0,synthetic_demo,synthetic demo data
WL-0028,EMP0028,2026-09-21,2026-09-27,41,35,13,15,16,4,0,synthetic_demo,synthetic demo data
WL-0029,EMP0029,2026-09-21,2026-09-27,38,49,6,18,0,13,9,synthetic_demo,synthetic demo data
WL-0030,EMP0030,2026-09-21,2026-09-27,31,31,11,11,12,2,0,synthetic_demo,synthetic demo data
WL-0031,EMP0031,2026-09-21,2026-09-27,41,51,11,21,4,12,11,synthetic_demo,synthetic demo data
WL-0032,EMP0032,2026-09-21,2026-09-27,29,36,5,28,11,8,0,synthetic_demo,synthetic demo data
WL-0033,EMP0033,2026-09-21,2026-09-27,27,33,7,21,14,4,0,synthetic_demo,synthetic demo data
WL-0034,EMP0034,2026-09-21,2026-09-27,35,34,6,26,11,20,0,synthetic_demo,synthetic demo data
WL-0035,EMP0035,2026-09-21,2026-09-27,34,46,3,24,7,14,6,synthetic_demo,synthetic demo data
WL-0036,EMP0036,2026-09-21,2026-09-27,41,28,7,21,18,15,0,synthetic_demo,synthetic demo data
WL-0037,EMP0037,2026-09-21,2026-09-27,38,31,8,18,0,3,0,synthetic_demo,synthetic demo data
WL-0038,EMP0038,2026-09-21,2026-09-27,34,37,14,25,1,3,0,synthetic_demo,synthetic demo data
WL-0039,EMP0039,2026-09-21,2026-09-27,38,53,10,14,17,8,13,synthetic_demo,synthetic demo data
WL-0040,EMP0040,2026-09-21,2026-09-27,33,29,10,15,17,6,0,synthetic_demo,synthetic demo data
WL-0041,EMP0041,2026-09-21,2026-09-27,29,39,16,17,14,7,0,synthetic_demo,synthetic demo data
WL-0042,EMP0042,2026-09-21,2026-09-27,40,43,7,14,6,7,3,synthetic_demo,synthetic demo data
WL-0043,EMP0043,2026-09-21,2026-09-27,25,48,5,21,8,5,8,synthetic_demo,synthetic demo data
WL-0044,EMP0044,2026-09-21,2026-09-27,34,39,13,14,18,4,0,synthetic_demo,synthetic demo data
WL-0045,EMP0045,2026-09-21,2026-09-27,35,26,15,28,13,2,0,synthetic_demo,synthetic demo data
WL-0046,EMP0046,2026-09-21,2026-09-27,34,19,9,14,1,4,0,synthetic_demo,synthetic demo data
WL-0047,EMP0047,2026-09-21,2026-09-27,29,28,13,27,8,16,0,synthetic_demo,synthetic demo data
WL-0048,EMP0048,2026-09-21,2026-09-27,26,38,14,15,5,16,0,synthetic_demo,synthetic demo data
WL-0049,EMP0049,2026-09-21,2026-09-27,39,28,2,20,5,4,0,synthetic_demo,synthetic demo data
WL-0050,EMP0050,2026-09-21,2026-09-27,25,35,8,13,8,6,0,synthetic_demo,synthetic demo data
WL-0051,EMP0051,2026-09-21,2026-09-27,34,51,7,17,12,11,11,synthetic_demo,synthetic demo data
WL-0052,EMP0052,2026-09-21,2026-09-27,30,28,11,15,14,18,0,synthetic_demo,synthetic demo data
WL-0053,EMP0053,2026-09-21,2026-09-27,27,39,2,26,9,7,0,synthetic_demo,synthetic demo data
WL-0054,EMP0054,2026-09-21,2026-09-27,36,33,12,10,8,13,0,synthetic_demo,synthetic demo data
WL-0055,EMP0055,2026-09-21,2026-09-27,42,44,11,14,0,14,4,synthetic_demo,synthetic demo data
WL-0056,EMP0056,2026-09-21,2026-09-27,37,35,3,10,8,19,0,synthetic_demo,synthetic demo data
WL-0057,EMP0057,2026-09-21,2026-09-27,38,44,11,22,10,13,4,synthetic_demo,synthetic demo data
WL-0058,EMP0058,2026-09-21,2026-09-27,42,26,5,9,5,11,0,synthetic_demo,synthetic demo data
WL-0059,EMP0059,2026-09-21,2026-09-27,41,37,9,26,9,6,0,synthetic_demo,synthetic demo data
WL-0060,EMP0060,2026-09-21,2026-09-27,31,45,2,25,16,12,5,synthetic_demo,synthetic demo data
WL-0061,EMP0061,2026-09-21,2026-09-27,41,42,14,17,18,18,2,synthetic_demo,synthetic demo data
WL-0062,EMP0062,2026-09-21,2026-09-27,38,24,11,11,7,10,0,synthetic_demo,synthetic demo data
WL-0063,EMP0063,2026-09-21,2026-09-27,33,48,8,8,15,6,8,synthetic_demo,synthetic demo data
WL-0064,EMP0064,2026-09-21,2026-09-27,35,48,13,22,14,12,8,synthetic_demo,synthetic demo data
WL-0065,EMP0065,2026-09-21,2026-09-27,36,44,8,23,4,6,4,synthetic_demo,synthetic demo data
WL-0066,EMP0066,2026-09-21,2026-09-27,40,41,10,20,8,17,1,synthetic_demo,synthetic demo data
WL-0067,EMP0067,2026-09-21,2026-09-27,36,47,3,11,6,11,7,synthetic_demo,synthetic demo data
WL-0068,EMP0068,2026-09-21,2026-09-27,42,40,3,8,11,3,0,synthetic_demo,synthetic demo data
WL-0069,EMP0069,2026-09-21,2026-09-27,35,39,2,22,9,3,0,synthetic_demo,synthetic demo data
WL-0070,EMP0070,2026-09-21,2026-09-27,25,35,13,12,15,10,0,synthetic_demo,synthetic demo data
WL-0071,EMP0071,2026-09-21,2026-09-27,39,38,12,15,3,4,0,synthetic_demo,synthetic demo data
WL-0072,EMP0072,2026-09-21,2026-09-27,27,33,6,8,0,4,0,synthetic_demo,synthetic demo data
WL-0073,EMP0073,2026-09-21,2026-09-27,36,33,9,19,0,17,0,synthetic_demo,synthetic demo data
WL-0074,EMP0074,2026-09-21,2026-09-27,28,43,10,15,16,9,3,synthetic_demo,synthetic demo data
WL-0075,EMP0075,2026-09-21,2026-09-27,41,34,5,17,7,8,0,synthetic_demo,synthetic demo data
WL-0076,EMP0076,2026-09-21,2026-09-27,33,37,11,24,8,14,0,synthetic_demo,synthetic demo data
WL-0077,EMP0077,2026-09-21,2026-09-27,36,50,7,27,5,12,10,synthetic_demo,synthetic demo data
WL-0078,EMP0078,2026-09-21,2026-09-27,31,39,10,14,12,3,0,synthetic_demo,synthetic demo data
WL-0079,EMP0079,2026-09-21,2026-09-27,26,36,9,19,18,17,0,synthetic_demo,synthetic demo data
WL-0080,EMP0080,2026-09-21,2026-09-27,37,37,10,17,10,16,0,synthetic_demo,synthetic demo data
WL-0081,EMP0081,2026-09-21,2026-09-27,27,48,2,24,17,11,8,synthetic_demo,synthetic demo data
WL-0082,EMP0082,2026-09-21,2026-09-27,36,55,9,27,10,18,15,synthetic_demo,synthetic demo data
WL-0083,EMP0083,2026-09-21,2026-09-27,26,46,15,12,8,5,6,synthetic_demo,synthetic demo data
WL-0084,EMP0084,2026-09-21,2026-09-27,28,55,5,13,15,12,15,synthetic_demo,synthetic demo data
WL-0085,EMP0085,2026-09-21,2026-09-27,39,47,4,21,5,3,7,synthetic_demo,synthetic demo data
WL-0086,EMP0086,2026-09-21,2026-09-27,40,23,16,17,17,2,0,synthetic_demo,synthetic demo data
WL-0087,EMP0087,2026-09-21,2026-09-27,28,31,9,13,3,9,0,synthetic_demo,synthetic demo data
WL-0088,EMP0088,2026-09-21,2026-09-27,26,34,8,14,10,3,0,synthetic_demo,synthetic demo data
WL-0089,EMP0089,2026-09-21,2026-09-27,34,36,10,22,1,16,0,synthetic_demo,synthetic demo data
WL-0090,EMP0090,2026-09-21,2026-09-27,30,37,6,10,4,14,0,synthetic_demo,synthetic demo data
WL-0091,EMP0091,2026-09-21,2026-09-27,34,36,9,18,18,18,0,synthetic_demo,synthetic demo data
WL-0092,EMP0092,2026-09-21,2026-09-27,32,55,12,10,9,4,15,synthetic_demo,synthetic demo data
WL-0093,EMP0093,2026-09-21,2026-09-27,26,36,4,9,6,6,0,synthetic_demo,synthetic demo data
WL-0094,EMP0094,2026-09-21,2026-09-27,38,41,8,20,1,2,1,synthetic_demo,synthetic demo data
WL-0095,EMP0095,2026-09-21,2026-09-27,35,48,9,27,9,18,8,synthetic_demo,synthetic demo data
WL-0096,EMP0096,2026-09-21,2026-09-27,39,40,14,22,14,20,0,synthetic_demo,synthetic demo data
WL-0097,EMP0097,2026-09-21,2026-09-27,39,41,11,15,2,17,1,synthetic_demo,synthetic demo data
WL-0098,EMP0098,2026-09-21,2026-09-27,33,30,2,16,12,6,0,synthetic_demo,synthetic demo data
WL-0099,EMP0099,2026-09-21,2026-09-27,30,45,7,19,10,3,5,synthetic_demo,synthetic demo data
WL-0100,EMP0100,2026-09-21,2026-09-27,29,53,12,15,17,12,13,synthetic_demo,synthetic demo data
WL-0101,EMP0101,2026-09-21,2026-09-27,35,26,15,28,13,2,0,synthetic_demo,synthetic demo data
WL-0102,EMP0102,2026-09-21,2026-09-27,33,41,10,17,18,19,1,synthetic_demo,synthetic demo data
WL-0103,EMP0103,2026-09-21,2026-09-27,39,47,4,21,5,3,7,synthetic_demo,synthetic demo data
WL-0104,EMP0104,2026-09-21,2026-09-27,34,36,10,22,1,16,0,synthetic_demo,synthetic demo data
WL-0105,EMP0105,2026-09-21,2026-09-27,27,33,6,8,0,4,0,synthetic_demo,synthetic demo data
WL-0106,EMP0106,2026-09-21,2026-09-27,39,40,14,22,14,20,0,synthetic_demo,synthetic demo data
WL-0107,EMP0107,2026-09-21,2026-09-27,29,28,13,27,8,16,0,synthetic_demo,synthetic demo data
WL-0108,EMP0108,2026-09-21,2026-09-27,38,41,8,20,1,2,1,synthetic_demo,synthetic demo data
WL-0109,EMP0109,2026-09-21,2026-09-27,27,33,7,21,14,4,0,synthetic_demo,synthetic demo data
WL-0110,EMP0110,2026-09-21,2026-09-27,41,33,2,22,8,7,0,synthetic_demo,synthetic demo data
WL-0111,EMP0111,2026-09-21,2026-09-27,27,48,2,24,17,11,8,synthetic_demo,synthetic demo data
WL-0112,EMP0112,2026-09-21,2026-09-27,26,38,14,15,5,16,0,synthetic_demo,synthetic demo data
WL-0113,EMP0113,2026-09-21,2026-09-27,42,44,11,14,0,14,4,synthetic_demo,synthetic demo data
WL-0114,EMP0114,2026-09-21,2026-09-27,34,26,16,22,10,6,0,synthetic_demo,synthetic demo data
WL-0115,EMP0115,2026-09-21,2026-09-27,34,39,13,14,18,4,0,synthetic_demo,synthetic demo data
WL-0116,EMP0116,2026-09-21,2026-09-27,26,49,12,8,17,11,9,synthetic_demo,synthetic demo data
WL-0117,EMP0117,2026-09-21,2026-09-27,35,34,6,26,11,20,0,synthetic_demo,synthetic demo data
WL-0118,EMP0118,2026-09-21,2026-09-27,42,41,10,26,6,6,1,synthetic_demo,synthetic demo data
WL-0119,EMP0119,2026-09-21,2026-09-27,29,28,13,27,8,16,0,synthetic_demo,synthetic demo data
WL-0120,EMP0120,2026-09-21,2026-09-27,25,48,5,21,8,5,8,synthetic_demo,synthetic demo data
WL-0121,EMP0121,2026-09-21,2026-09-27,29,39,16,17,14,7,0,synthetic_demo,synthetic demo data
WL-0122,EMP0122,2026-09-21,2026-09-27,32,55,12,10,9,4,15,synthetic_demo,synthetic demo data
WL-0123,EMP0123,2026-09-21,2026-09-27,26,38,10,17,10,12,0,synthetic_demo,synthetic demo data
WL-0124,EMP0124,2026-09-21,2026-09-27,40,36,15,15,10,14,0,synthetic_demo,synthetic demo data
WL-0125,EMP0125,2026-09-21,2026-09-27,31,45,2,25,16,12,5,synthetic_demo,synthetic demo data
WL-0126,EMP0126,2026-09-21,2026-09-27,28,31,9,13,3,9,0,synthetic_demo,synthetic demo data
