survey_id,employee_id,survey_month,job_satisfaction_1_to_5,manager_support_1_to_5,work_life_balance_1_to_5,growth_opportunity_1_to_5,intent_to_stay_6_months,survey_response,data_source
ENG-0001,EMP0001,2026-09,4,4,4,3,No,synthetic_demo_only,synthetic demo data
ENG-0002,EMP0002,2026-09,4,3,1,4,Yes,synthetic_demo_only,synthetic demo data
ENG-0003,EMP0003,2026-09,1,5,2,4,Yes,synthetic_demo_only,synthetic demo data
ENG-0004,EMP0004,2026-09,4,5,3,4,No,synthetic_demo_only,synthetic demo data
ENG-0005,EMP0005,2026-09,3,3,4,4,Yes,synthetic_demo_only,synthetic demo data
ENG-0006,EMP0006,2026-09,3,4,4,3,Unsure,synthetic_demo_only,synthetic demo data
ENG-0007,EMP0007,2026-09,5,4,4,2,Yes,synthetic_demo_only,synthetic demo data
ENG-0008,EMP0008,2026-09,5,5,3,5,No,synthetic_demo_only,synthetic demo data
ENG-0009,EMP0009,2026-09,4,5,2,3,Yes,synthetic_demo_only,synthetic demo data
ENG-0010,EMP0010,2026-09,5,5,4,3,Unsure,synthetic_demo_only,synthetic demo data
ENG-0011,EMP0011,2026-09,4,5,4,3,No,synthetic_demo_only,synthetic demo data
ENG-0012,EMP0012,2026-09,1,5,3,5,Yes,synthetic_demo_only,synthetic demo data
ENG-0013,EMP0013,2026-09,5,5,4,5,Unsure,synthetic_demo_only,synthetic demo data
ENG-0014,EMP0014,2026-09,3,3,1,1,Yes,synthetic_demo_only,synthetic demo data
ENG-0015,EMP0015,2026-09,3,4,4,2,Yes,synthetic_demo_only,synthetic demo data
ENG-0016,EMP0016,2026-09,5,3,2,3,Yes,synthetic_demo_only,synthetic demo data
ENG-0017,EMP0017,2026-09,5,3,3,4,Yes,synthetic_demo_only,synthetic demo data
ENG-0018,EMP0018,2026-09,5,4,4,4,Yes,synthetic_demo_only,synthetic demo data
ENG-0019,EMP0019,2026-09,4,3,5,3,Yes,synthetic_demo_only,synthetic demo data
ENG-0020,EMP0020,2026-09,5,1,5,5,Yes,synthetic_demo_only,synthetic demo data
ENG-0021,EMP0021,2026-09,3,4,5,3,No,synthetic_demo_only,synthetic demo data
ENG-0022,EMP0022,2026-09,2,3,4,4,Yes,synthetic_demo_only,synthetic demo data
ENG-0023,EMP0023,2026-09,3,4,4,3,Yes,synthetic_demo_only,synthetic demo data
ENG-0024,EMP0024,2026-09,4,5,4,1,Yes,synthetic_demo_only,synthetic demo data
ENG-0025,EMP0025,2026-09,3,5,4,4,No,synthetic_demo_only,synthetic demo data
ENG-0026,EMP0026,2026-09,4,4,3,5,Yes,synthetic_demo_only,synthetic demo data
ENG-0027,EMP0027,2026-09,4,3,4,4,Yes,synthetic_demo_only,synthetic demo data
ENG-0028,EMP0028,2026-09,5,4,5,5,Yes,synthetic_demo_only,synthetic demo data
ENG-0029,EMP0029,2026-09,3,4,4,4,Yes,synthetic_demo_only,synthetic demo data
ENG-0030,EMP0030,2026-09,5,4,5,4,Yes,synthetic_demo_only,synthetic demo data
ENG-0031,EMP0031,2026-09,3,4,5,1,Yes,synthetic_demo_only,synthetic demo data
ENG-0032,EMP0032,2026-09,2,5,3,4,Yes,synthetic_demo_only,synthetic demo data
ENG-0033,EMP0033,2026-09,4,4,3,5,No,synthetic_demo_only,synthetic demo data
ENG-0034,EMP0034,2026-09,5,5,3,5,Yes,synthetic_demo_only,synthetic demo data
ENG-0035,EMP0035,2026-09,5,4,5,1,Yes,synthetic_demo_only,synthetic demo data
ENG-0036,EMP0036,2026-09,3,2,4,1,Yes,synthetic_demo_only,synthetic demo data
ENG-0037,EMP0037,2026-09,5,4,4,4,Yes,synthetic_demo_only,synthetic demo data
ENG-0038,EMP0038,2026-09,4,4,1,3,Unsure,synthetic_demo_only,synthetic demo data
ENG-0039,EMP0039,2026-09,5,4,1,5,Unsure,synthetic_demo_only,synthetic demo data
ENG-0040,EMP0040,2026-09,4,3,4,3,Yes,synthetic_demo_only,synthetic demo data
ENG-0041,EMP0041,2026-09,4,5,5,2,Yes,synthetic_demo_only,synthetic demo data
ENG-0042,EMP0042,2026-09,3,1,5,2,Yes,synthetic_demo_only,synthetic demo data
ENG-0043,EMP0043,2026-09,2,4,5,3,Yes,synthetic_demo_only,synthetic demo data
ENG-0044,EMP0044,2026-09,4,4,4,4,No,synthetic_demo_only,synthetic demo data
ENG-0045,EMP0045,2026-09,3,5,4,4,No,synthetic_demo_only,synthetic demo data
ENG-0046,EMP0046,2026-09,4,5,5,2,Yes,synthetic_demo_only,synthetic demo data
ENG-0047,EMP0047,2026-09,4,4,1,4,Yes,synthetic_demo_only,synthetic demo data
ENG-0048,EMP0048,2026-09,4,5,3,3,Yes,synthetic_demo_only,synthetic demo data
ENG-0049,EMP0049,2026-09,5,2,2,4,Yes,synthetic_demo_only,synthetic demo data
ENG-0050,EMP0050,2026-09,4,4,4,5,Unsure,synthetic_demo_only,synthetic demo data
ENG-0051,EMP0051,2026-09,4,5,3,4,No,synthetic_demo_only,synthetic demo data
ENG-0052,EMP0052,2026-09,4,3,4,4,Unsure,synthetic_demo_only,synthetic demo data
ENG-0053,EMP0053,2026-09,4,2,2,4,Yes,synthetic_demo_only,synthetic demo data
ENG-0054,EMP0054,2026-09,3,3,3,3,Unsure,synthetic_demo_only,synthetic demo data
ENG-0055,EMP0055,2026-09,3,5,3,2,Yes,synthetic_demo_only,synthetic demo data
ENG-0056,EMP0056,2026-09,4,3,3,1,No,synthetic_demo_only,synthetic demo data
ENG-0057,EMP0057,2026-09,4,5,4,5,No,synthetic_demo_only,synthetic demo data
ENG-0058,EMP0058,2026-09,4,2,4,1,No,synthetic_demo_only,synthetic demo data
ENG-0059,EMP0059,2026-09,3,4,3,3,No,synthetic_demo_only,synthetic demo data
ENG-0060,EMP0060,2026-09,4,4,3,1,No,synthetic_demo_only,synthetic demo data
ENG-0061,EMP0061,2026-09,4,5,2,5,Yes,synthetic_demo_only,synthetic demo data
ENG-0062,EMP0062,2026-09,3,2,1,3,Unsure,synthetic_demo_only,synthetic demo data
ENG-0063,EMP0063,2026-09,4,5,5,3,Yes,synthetic_demo_only,synthetic demo data
ENG-0064,EMP0064,2026-09,4,4,4,3,Yes,synthetic_demo_only,synthetic demo data
ENG-0065,EMP0065,2026-09,5,3,4,4,Unsure,synthetic_demo_only,synthetic demo data
ENG-0066,EMP0066,2026-09,3,5,3,5,No,synthetic_demo_only,synthetic demo data
ENG-0067,EMP0067,2026-09,5,4,2,2,No,synthetic_demo_only,synthetic demo data
ENG-0068,EMP0068,2026-09,4,5,4,2,No,synthetic_demo_only,synthetic demo data
ENG-0069,EMP0069,2026-09,2,3,5,4,Yes,synthetic_demo_only,synthetic demo data
ENG-0070,EMP0070,2026-09,5,5,5,4,Yes,synthetic_demo_only,synthetic demo data
ENG-0071,EMP0071,2026-09,3,4,4,3,Yes,synthetic_demo_only,synthetic demo data
ENG-0072,EMP0072,2026-09,5,5,3,3,Yes,synthetic_demo_only,synthetic demo data
ENG-0073,EMP0073,2026-09,5,5,2,4,Yes,synthetic_demo_only,synthetic demo data
ENG-0074,EMP0074,2026-09,4,4,3,3,Yes,synthetic_demo_only,synthetic demo data
ENG-0075,EMP0075,2026-09,2,3,2,3,No,synthetic_demo_only,synthetic demo data
ENG-0076,EMP0076,2026-09,5,5,5,5,No,synthetic_demo_only,synthetic demo data
ENG-0077,EMP0077,2026-09,4,4,2,2,Yes,synthetic_demo_only,synthetic demo data
ENG-0078,EMP0078,2026-09,4,2,3,4,No,synthetic_demo_only,synthetic demo data
ENG-0079,EMP0079,2026-09,3,5,1,2,Yes,synthetic_demo_only,synthetic demo data
ENG-0080,EMP0080,2026-09,2,4,5,1,Yes,synthetic_demo_only,synthetic demo data
ENG-0081,EMP0081,2026-09,4,5,4,4,Yes,synthetic_demo_only,synthetic demo data
ENG-0082,EMP0082,2026-09,5,4,2,5,Yes,synthetic_demo_only,synthetic demo data
ENG-0083,EMP0083,2026-09,3,4,3,2,Yes,synthetic_demo_only,synthetic demo data
ENG-0084,EMP0084,2026-09,2,4,1,3,Yes,synthetic_demo_only,synthetic demo data
ENG-0085,EMP0085,2026-09,5,4,4,4,Yes,synthetic_demo_only,synthetic demo data
ENG-0086,EMP0086,2026-09,2,4,4,3,No,synthetic_demo_only,synthetic demo data
ENG-0087,EMP0087,2026-09,5,3,3,5,Yes,synthetic_demo_only,synthetic demo data
ENG-0088,EMP0088,2026-09,5,4,2,3,Yes,synthetic_demo_only,synthetic demo data
ENG-0089,EMP0089,2026-09,5,3,4,4,No,synthetic_demo_only,synthetic demo data
ENG-0090,EMP0090,2026-09,3,5,4,4,Yes,synthetic_demo_only,synthetic demo data
ENG-0091,EMP0091,2026-09,4,3,5,1,Yes,synthetic_demo_only,synthetic demo data
ENG-0092,EMP0092,2026-09,2,3,3,4,Unsure,synthetic_demo_only,synthetic demo data
ENG-0093,EMP0093,2026-09,4,2,5,2,Yes,synthetic_demo_only,synthetic demo data
ENG-0094,EMP0094,2026-09,5,3,2,3,Yes,synthetic_demo_only,synthetic demo data
ENG-0095,EMP0095,2026-09,4,5,4,3,Unsure,synthetic_demo_only,synthetic demo data
ENG-0096,EMP0096,2026-09,4,4,2,4,Yes,synthetic_demo_only,synthetic demo data
ENG-0097,EMP0097,2026-09,3,5,5,2,Yes,synthetic_demo_only,synthetic demo data
ENG-0098,EMP0098,2026-09,2,3,5,4,Yes,synthetic_demo_only,synthetic demo data
ENG-0099,EMP0099,2026-09,4,5,4,4,Yes,synthetic_demo_only,synthetic demo data
ENG-0100,EMP0100,2026-09,5,5,2,4,Yes,synthetic_demo_only,synthetic demo data
ENG-0101,EMP0101,2026-09,3,4,4,4,Yes,synthetic_demo_only,synthetic demo data
ENG-0102,EMP0102,2026-09,5,4,4,2,Yes,synthetic_demo_only,synthetic demo data
ENG-0103,EMP0103,2026-09,4,5,3,4,No,synthetic_demo_only,synthetic demo data
ENG-0104,EMP0104,2026-09,4,5,4,1,Yes,synthetic_demo_only,synthetic demo data
ENG-0105,EMP0105,2026-09,4,4,1,3,Unsure,synthetic_demo_only,synthetic demo data
ENG-0106,EMP0106,2026-09,5,5,4,3,Unsure,synthetic_demo_only,synthetic demo data
ENG-0107,EMP0107,2026-09,5,4,2,3,Yes,synthetic_demo_only,synthetic demo data
ENG-0108,EMP0108,2026-09,2,3,3,4,Unsure,synthetic_demo_only,synthetic demo data
ENG-0109,EMP0109,2026-09,3,4,3,2,Yes,synthetic_demo_only,synthetic demo data
ENG-0110,EMP0110,2026-09,4,5,4,4,Yes,synthetic_demo_only,synthetic demo data
ENG-0111,EMP0111,2026-09,3,5,5,2,Yes,synthetic_demo_only,synthetic demo data
ENG-0112,EMP0112,2026-09,2,3,5,4,Yes,synthetic_demo_only,synthetic demo data
ENG-0113,EMP0113,2026-09,4,2,5,2,Yes,synthetic_demo_only,synthetic demo data
ENG-0114,EMP0114,2026-09,3,2,4,1,Yes,synthetic_demo_only,synthetic demo data
ENG-0115,EMP0115,2026-09,4,5,5,2,Yes,synthetic_demo_only,synthetic demo data
ENG-0116,EMP0116,2026-09,5,5,3,5,Yes,synthetic_demo_only,synthetic demo data
ENG-0117,EMP0117,2026-09,4,3,5,3,Yes,synthetic_demo_only,synthetic demo data
ENG-0118,EMP0118,2026-09,3,4,4,4,Yes,synthetic_demo_only,synthetic demo data
ENG-0119,EMP0119,2026-09,5,3,2,3,Yes,synthetic_demo_only,synthetic demo data
ENG-0120,EMP0120,2026-09,4,5,5,3,Yes,synthetic_demo_only,synthetic demo data
ENG-0121,EMP0121,2026-09,4,3,1,4,Yes,synthetic_demo_only,synthetic demo data
ENG-0122,EMP0122,2026-09,5,3,2,3,Yes,synthetic_demo_only,synthetic demo data
ENG-0123,EMP0123,2026-09,4,3,1,4,Yes,synthetic_demo_only,synthetic demo data
ENG-0124,EMP0124,2026-09,5,3,3,5,Yes,synthetic_demo_only,synthetic demo data
ENG-0125,EMP0125,2026-09,4,4,3,3,Yes,synthetic_demo_only,synthetic demo data
ENG-0126,EMP0126,2026-09,3,4,5,3,No,synthetic_demo_only,synthetic demo data
