month,records,avg_perf,avg_attendance,data_source
2024-01,200,13.74735,94.595,public benchmark data
2024-03,200,13.7083,94.837,public benchmark data
2024-04,100,13.3468,94.656,public benchmark data
2024-05,100,12.9382,93.926,public benchmark data
2024-06,100,14.1625,94.21,public benchmark data
2024-07,100,13.5798,95.682,public benchmark data
2024-08,100,14.1924,94.856,public benchmark data
2024-09,100,13.3046,93.644,public benchmark data
2024-10,100,14.1019,95.182,public benchmark data
2024-11,100,13.1217,94.746,public benchmark data
