category,campaign_name_clean,impressions,clicks,leads,orders,mark_spent,revenue,CTR_pct,CPC,CPL,CPO,lead_to_order_pct,AOV,ROAS,ROI_pct,data_source
influencer,instagram_blogger,34112411,299959,7008,1100,4247367.57,5808454.0,0.8793251230468582,14.159827076367105,606.0741395547946,3861.2432454545456,15.69634703196347,5280.412727272727,1.3675421079697134,36.75421079697135,public benchmark data
influencer,youtube_blogger,43688313,450014,9931,1914,4057936.51,15311433.0,1.0300557954709764,9.017356148919813,408.6130812606988,2120.1340177638453,19.27298358674857,7999.703761755486,3.7732066438861063,277.3206643886107,public benchmark data
media,banner_partner,1068337427,420003,10149,1566,5026674.76,6152960.0,0.0393137027108945,11.968187751039872,495.28768942752976,3209.881711366538,15.430091634643809,3929.093231162197,1.224061689640728,22.406168964072787,public benchmark data
search,google_hot,4628993,90048,1833,281,1199998.76,2205747.0,1.9453043026852708,13.326212242359633,654.6638079650845,4270.458220640569,15.330060010911076,7849.633451957296,1.8381243993952128,83.81243993952127,public benchmark data
search,google_wide,67669259,240006,5274,547,2260401.31,1499318.0,0.3546750822260371,9.41810333908319,428.59334660599166,4132.36071297989,10.37163443306788,2740.983546617916,0.66329726202468,-33.670273797532,public benchmark data
social,facebook_lal,12697701,120012,1909,294,2641939.24,300233.0,0.945147471971501,22.01395893743959,1383.9388370874806,8986.187891156464,15.400733368255633,1021.2006802721088,0.1136411449038472,-88.63588550961528,public benchmark data
social,facebook_retargeting,976685,29954,506,108,266466.22,536919.0,3.066904887450918,8.895847633037324,526.6130830039525,2467.2798148148145,21.34387351778656,4971.472222222223,2.014960845693687,101.49608456936868,public benchmark data
social,facebook_tier1,63044882,239997,3535,474,2564793.48,2396412.0,0.3806764203317884,10.686773084663558,725.5427100424328,5410.956708860759,13.408769448373407,5055.721518987341,0.9343489129580912,-6.565108704190872,public benchmark data
social,facebook_tier2,69623161,329973,8428,688,4693870.97,3463306.0,0.473941423027317,14.225015289129717,556.9377040816327,6822.486875,8.16326530612245,5033.875,0.737835790999598,-26.216420900040205,public benchmark data
social,instagram_tier1,75136799,269961,6632,758,2565277.25,4544124.0,0.3592926549878709,9.502399420657058,386.802962907117,3384.2707783641163,11.429433051869722,5994.88654353562,1.77139683439675,77.13968343967498,public benchmark data
social,instagram_tier2,137806768,509992,10374,313,1066153.75,670460.0,0.370077614765626,2.090530341652418,102.77171293618662,3406.2420127795526,3.017158280316175,2142.0447284345046,0.6288586425738314,-37.11413574261686,public benchmark data
