id,c_date,campaign_name,category,campaign_id,impressions,mark_spent,clicks,leads,orders,revenue,campaign_name_clean,CTR_pct,CPC,CPL,CPO,lead_to_order_pct,AOV,ROAS,ROI_pct,data_source
1,2021-02-01,facebook_tier1,social,349043,148263,7307.37,1210,13,1,4981.0,facebook_tier1,0.8161173050592527,6.039148760330578,562.1053846153847,7307.37,7.6923076923076925,4981.0,0.6816405902534017,-31.835940974659827,public benchmark data
2,2021-02-01,facebOOK_tier2,social,348934,220688,16300.2,1640,48,3,14962.0,facebook_tier2,0.7431305734793011,9.939146341463417,339.58750000000003,5433.400000000001,6.25,4987.333333333333,0.9179028478178182,-8.209715218218186,public benchmark data
3,2021-02-01,google_hot,search,89459845,22850,5221.6,457,9,1,7981.0,google_hot,2.0,11.42582056892779,580.1777777777778,5221.6,11.11111111111111,7981.0,1.5284587099739542,52.84587099739543,public benchmark data
4,2021-02-01,google_wide,search,127823,147038,6037.0,1196,24,1,2114.0,google_wide,0.8133951767570288,5.047658862876254,251.54166666666663,6037.0,4.166666666666666,2114.0,0.3501739274474076,-64.98260725525924,public benchmark data
5,2021-02-01,youtube_blogger,influencer,10934,225800,29962.2,2258,49,10,84490.0,youtube_blogger,1.0,13.269353410097432,611.4734693877551,2996.2200000000003,20.40816326530612,8449.0,2.8198863901849665,181.98863901849663,public benchmark data
6,2021-02-01,instagram_tier1,social,9034945,444857,9540.01,1342,27,3,17943.0,instagram_tier1,0.3016699748458493,7.108800298062594,353.3337037037037,3180.0033333333336,11.11111111111111,5981.0,1.8808156385580308,88.08156385580308,public benchmark data
7,2021-02-01,instagram_tier2,social,983498,511200,3648.9,2556,94,1,1981.0,instagram_tier2,0.5,1.4275821596244131,38.81808510638298,3648.9,1.0638297872340423,1981.0,0.5429033407328235,-45.70966592671764,public benchmark data
8,2021-02-01,facebook_retargeting,social,4387490,5544,1293.55,148,3,1,4981.0,facebook_retargeting,2.6695526695526697,8.740202702702703,431.1833333333333,1293.55,33.33333333333333,4981.0,3.8506435777511503,285.064357775115,public benchmark data
9,2021-02-01,facebook_lal,social,544756,56916,16997.8,596,14,2,4162.0,facebook_lal,1.0471572141401364,28.51979865771812,1214.1285714285714,8498.9,14.285714285714285,2081.0,0.2448552165574368,-75.51447834425632,public benchmark data
10,2021-02-01,instagram_blogger,influencer,374754,120436,23604.1,1498,49,7,39081.0,instagram_blogger,1.2438141419509117,15.757076101468623,481.7163265306122,3372.014285714285,14.285714285714285,5583.0,1.655686935744214,65.5686935744214,public benchmark data
11,2021-02-01,banner_partner,media,39889,20900000,931.99,2090,3,0,0.0,banner_partner,0.01,0.4459282296650718,310.66333333333336,,0.0,,0.0,-100.0,public benchmark data
12,2021-02-02,facebook_tier1,social,349043,478200,18385.3,2391,48,4,17812.0,facebook_tier1,0.5,7.689376829778335,383.0270833333333,4596.325,8.333333333333332,4453.0,0.9688174791817376,-3.118252081826238,public benchmark data
13,2021-02-02,facebOOK_tier2,social,348934,957806,2198.05,3294,10,0,0.0,facebook_tier2,0.3439109798852794,0.6672890103217972,219.805,,0.0,,0.0,-100.0,public benchmark data
14,2021-02-02,google_hot,search,89459845,43806,11446.7,907,18,3,23943.0,google_hot,2.0704926265808337,12.62039691289967,635.9277777777778,3815.566666666667,16.666666666666664,7981.0,2.0916945495208226,109.16945495208226,public benchmark data
15,2021-02-02,google_wide,search,127823,314704,15153.6,2395,39,4,12540.0,google_wide,0.7610325893538055,6.327181628392484,388.55384615384617,3788.4,10.256410256410255,3135.0,0.8275261324041812,-17.247386759581886,public benchmark data
16,2021-02-02,youtube_blogger,influencer,10934,449200,42301.1,4492,85,17,149141.0,youtube_blogger,1.0,9.416985752448795,497.66,2488.3,20.0,8773.0,3.5257002772977537,252.5700277297753,public benchmark data
17,2021-02-02,instagram_tier1,social,9034945,540200,29081.1,2701,54,9,45585.0,instagram_tier1,0.5,10.76679007774898,538.5388888888889,3231.233333333333,16.666666666666664,5065.0,1.56751292076297,56.75129207629699,public benchmark data
18,2021-02-02,instagram_tier2,social,983498,1020800,1421.34,5104,14,0,0.0,instagram_tier2,0.5,0.2784757053291536,101.52428571428572,,0.0,,0.0,-100.0,public benchmark data
19,2021-02-02,facebook_retargeting,social,4387490,10033,169.75,301,0,0,0.0,facebook_retargeting,3.000099671085418,0.563953488372093,,,,,0.0,-100.0,public benchmark data
20,2021-02-02,facebook_lal,social,544756,107553,8829.07,1196,7,1,1129.0,facebook_lal,1.1120098927970397,7.382165551839464,1261.2957142857142,8829.07,14.285714285714285,1129.0,0.1278730375905956,-87.21269624094043,public benchmark data
21,2021-02-02,instagram_blogger,influencer,374754,299600,13919.1,2996,19,3,14466.0,instagram_blogger,1.0,4.645894526034713,732.5842105263158,4639.7,15.789473684210526,4822.0,1.0392913334913896,3.9291333491389504,public benchmark data
22,2021-02-02,banner_partner,media,39889,42000000,46159.8,4200,92,13,51753.0,banner_partner,0.01,10.990428571428572,501.7369565217392,3550.7538461538466,14.130434782608695,3981.0,1.121170369022396,12.117036902239605,public benchmark data
23,2021-02-03,facebook_tier1,social,349043,2313889,65284.4,7197,115,13,72527.0,facebook_tier1,0.3110347989899256,9.071057385021536,567.6904347826087,5021.876923076923,11.304347826086955,5579.0,1.1109392136559424,11.093921365594229,public benchmark data
24,2021-02-03,facebOOK_tier2,social,348934,1105666,78958.3,9898,226,12,59772.0,facebook_tier2,0.8952070516774504,7.977197413618913,349.37300884955755,6579.858333333334,5.3097345132743365,4981.0,0.7570071797391787,-24.299282026082125,public benchmark data
25,2021-02-03,google_hot,search,89459845,134900,77345.5,2698,84,16,115856.0,google_hot,2.0,28.667716827279467,920.779761904762,4834.09375,19.047619047619047,7241.0,1.4979022696860191,49.79022696860193,public benchmark data
26,2021-02-03,google_wide,search,127823,4371854,49498.9,7207,144,13,38753.0,google_wide,0.1648499698297335,6.868169834882753,343.7423611111111,3807.607692307693,9.027777777777777,2981.0,0.7829062868063734,-21.709371319362656,public benchmark data
27,2021-02-03,youtube_blogger,influencer,10934,1035261,189341.0,13503,455,91,772499.0,youtube_blogger,1.3043087685134471,14.02214322743094,416.1340659340659,2080.670329670329,20.0,8489.0,4.079935143471303,307.9935143471303,public benchmark data
28,2021-02-03,instagram_tier1,social,9034945,1618600,62509.8,8093,166,15,84600.0,instagram_tier1,0.5,7.72393426417892,376.5650602409639,4167.320000000001,9.036144578313252,5640.0,1.353387788794717,35.3387788794717,public benchmark data
29,2021-02-03,instagram_tier2,social,983498,3059600,94399.9,15298,592,36,104184.0,instagram_tier2,0.5,6.170734736566871,159.45929054054054,2622.2194444444444,6.081081081081082,2894.0,1.1036452369123273,10.364523691232732,public benchmark data
30,2021-02-03,facebook_retargeting,social,4387490,29867,5039.51,896,18,4,23560.0,facebook_retargeting,2.9999665182308237,5.6244531250000005,279.97277777777776,1259.8775,22.22222222222222,5890.0,4.675057694101212,367.5057694101212,public benchmark data
31,2021-02-03,facebook_lal,social,544756,295009,76716.4,3595,72,9,5607.0,facebook_lal,1.2186068899592897,21.33974965229485,1065.5055555555557,8524.044444444444,12.5,623.0,0.0730873711488026,-92.69126288511974,public benchmark data
32,2021-02-03,instagram_blogger,influencer,374754,667352,194336.0,8996,342,51,254031.0,instagram_blogger,1.348014241359882,21.60248999555358,568.233918128655,3810.5098039215686,14.912280701754383,4981.0,1.3071741725671002,30.71741725671003,public benchmark data
33,2021-02-03,banner_partner,media,39889,125910000,29378.3,12591,68,13,51753.0,banner_partner,0.01,2.333277738066873,432.0338235294117,2259.869230769231,19.11764705882353,3981.0,1.761606355711529,76.16063557115285,public benchmark data
34,2021-02-04,facebook_tier1,social,349043,2475754,173914.0,9601,192,31,154411.0,facebook_tier1,0.3878010497004145,18.11415477554421,905.8020833333334,5610.129032258064,16.145833333333336,4981.0,0.8878583667789827,-11.214163322101728,public benchmark data
35,2021-02-04,facebOOK_tier2,social,348934,4597702,115389.0,13206,143,17,82909.0,facebook_tier2,0.2872304468623673,8.737619263970922,806.916083916084,6787.588235294118,11.888111888111888,4877.0,0.7185173630068724,-28.14826369931276,public benchmark data
36,2021-02-04,google_hot,search,89459845,196484,41269.6,3599,55,9,68589.0,google_hot,1.8317013090124388,11.466963045290358,750.3563636363637,4585.511111111111,16.363636363636363,7621.0,1.6619739469246129,66.19739469246129,public benchmark data
37,2021-02-04,google_wide,search,127823,1531679,60108.8,9591,234,17,58990.0,google_wide,0.6261755890104911,6.267208841622355,256.8752136752137,3535.8117647058825,7.264957264957266,3470.0,0.9813870847529812,-1.8612915247018789,public benchmark data
38,2021-02-04,youtube_blogger,influencer,10934,2120555,185263.0,17993,445,89,624958.0,youtube_blogger,0.848504283076836,10.296393041738456,416.3213483146067,2081.6067415730336,20.0,7022.0,3.373355715928167,237.3355715928167,public benchmark data
39,2021-02-04,instagram_tier1,social,9034945,1322751,104028.0,10794,238,27,179037.0,instagram_tier1,0.8160265991104901,9.63757643135075,437.0924369747899,3852.8888888888887,11.344537815126053,6631.0,1.7210462567770215,72.10462567770216,public benchmark data
40,2021-02-04,instagram_tier2,social,983498,3008227,40119.2,20392,408,12,23772.0,instagram_tier2,0.6778743758366639,1.9673989799921536,98.3313725490196,3343.2666666666664,2.941176470588235,1981.0,0.5925342479411354,-40.74657520588645,public benchmark data
41,2021-02-04,facebook_retargeting,social,4387490,43160,885.75,1194,4,1,5287.0,facebook_retargeting,2.766450417052827,0.7418341708542714,221.4375,885.75,25.0,5287.0,5.968952864803838,496.8952864803838,public benchmark data
42,2021-02-04,facebook_lal,social,544756,432611,120335.0,4807,71,13,6864.0,facebook_lal,1.1111599104044974,25.033284793010196,1694.8591549295777,9256.53846153846,18.30985915492958,528.0,0.0570407612082935,-94.29592387917066,public benchmark data
43,2021-02-04,instagram_blogger,influencer,374754,1199300,149279.0,11993,267,38,224542.0,instagram_blogger,1.0,12.447177520220128,559.0973782771536,3928.3947368421054,14.232209737827716,5909.0,1.5041767428774309,50.41767428774308,public benchmark data
44,2021-02-04,banner_partner,media,39889,41924802,177746.0,16806,336,60,204540.0,banner_partner,0.0400860569359397,10.576341782696655,529.0059523809524,2962.4333333333334,17.857142857142858,3409.0,1.1507431953461682,15.074319534616812,public benchmark data
45,2021-02-05,facebook_tier1,social,349043,3462883,90691.7,11997,143,17,84677.0,facebook_tier1,0.3464454328950762,7.559531549554055,634.2076923076922,5334.805882352941,11.888111888111888,4981.0,0.9336797082864252,-6.632029171357464,public benchmark data
46,2021-02-05,facebOOK_tier2,social,348934,3299600,261047.0,16498,330,42,209202.0,facebook_tier2,0.5,15.822948236149836,791.0515151515151,6215.4047619047615,12.727272727272728,4981.0,0.8013959172103108,-19.86040827896892,public benchmark data
47,2021-02-05,google_hot,search,89459845,236719,96930.6,4504,151,23,177882.0,google_hot,1.902677858558037,21.521003552397868,641.9245033112583,4214.373913043479,15.2317880794702,7734.0,1.8351480337478565,83.51480337478566,public benchmark data
48,2021-02-05,google_wide,search,127823,9914040,56875.2,11993,139,14,49644.0,google_wide,0.1209698568898249,4.742366380388559,409.1741007194244,4062.5142857142855,10.071942446043163,3546.0,0.8728584690691198,-12.71415309308802,public benchmark data
49,2021-02-05,youtube_blogger,influencer,10934,1965108,442617.0,22507,731,146,1165230.0,youtube_blogger,1.1453314525206757,19.66574843382059,605.4952120383037,3031.623287671233,19.972640218878247,7981.027397260274,2.632592060404368,163.25920604043677,public benchmark data
50,2021-02-05,instagram_tier1,social,9034945,7485780,258306.0,13498,526,76,454556.0,instagram_tier1,0.1803152109733388,19.1366128315306,491.0760456273764,3398.7631578947367,14.44866920152091,5981.0,1.7597578066324435,75.97578066324438,public benchmark data
51,2021-02-05,instagram_tier2,social,983498,5100600,13588.8,25503,765,4,7924.0,instagram_tier2,0.5,0.5328314315962828,17.76313725490196,3397.2,0.522875816993464,1981.0,0.5831272812904745,-41.68727187095255,public benchmark data
52,2021-02-05,facebook_retargeting,social,4387490,48954,6790.74,1505,30,5,27060.0,facebook_retargeting,3.074314662744617,4.512119601328903,226.358,1358.148,16.666666666666664,5412.0,3.984838176693557,298.48381766935563,public benchmark data
53,2021-02-05,facebook_lal,social,544756,600400,192789.0,6004,120,21,9492.0,facebook_lal,1.0,32.110093271152564,1606.575,9180.42857142857,17.5,452.0,0.0492351742059972,-95.07648257940028,public benchmark data
54,2021-02-05,instagram_blogger,influencer,374754,2153303,36431.7,15003,51,8,47816.0,instagram_blogger,0.6967435609387067,2.4282943411317737,714.3470588235293,4553.9625,15.68627450980392,5977.0,1.3124833592722822,31.248335927228226,public benchmark data
55,2021-02-05,banner_partner,media,39889,8238872,427922.0,20997,796,119,471240.0,banner_partner,0.254852848788038,20.38014954517312,537.5904522613065,3595.983193277311,14.949748743718594,3960.0,1.101228728600072,10.1228728600072,public benchmark data
56,2021-02-06,facebook_tier1,social,349043,310024,40407.9,2391,76,9,46152.0,facebook_tier1,0.7712306144040462,16.900000000000002,531.6828947368422,4489.766666666666,11.842105263157894,5128.0,1.1421528958446243,14.21528958446244,public benchmark data
57,2021-02-06,facebOOK_tier2,social,348934,448321,62272.6,3302,108,9,44829.0,facebook_tier2,0.7365258375137457,18.859055118110238,576.5981481481481,6919.177777777778,8.333333333333332,4981.0,0.7198832231189962,-28.011677688100384,public benchmark data
58,2021-02-06,google_hot,search,89459845,44950,6768.87,899,13,1,8136.0,google_hot,2.0,7.529332591768632,520.6823076923076,6768.87,7.6923076923076925,8136.0,1.2019731506145044,20.19731506145044,public benchmark data
59,2021-02-06,google_wide,search,127823,478400,22542.0,2392,48,6,13152.0,google_wide,0.5,9.423913043478262,469.625,3757.0,12.5,2192.0,0.5834442374234762,-41.65557625765239,public benchmark data
60,2021-02-06,youtube_blogger,influencer,10934,472252,80971.4,4508,133,27,215487.0,youtube_blogger,0.9545750997348872,17.96171251109139,608.8075187969924,2998.9407407407407,20.30075187969925,7981.0,2.661272992686307,166.12729926863068,public benchmark data
61,2021-02-06,instagram_tier1,social,9034945,425467,3661.53,2695,14,1,5958.0,instagram_tier1,0.633421628469423,1.3586382189239332,261.53785714285715,3661.53,7.142857142857142,5958.0,1.6271886342594488,62.71886342594488,public benchmark data
62,2021-02-06,instagram_tier2,social,983498,1589341,12183.4,5092,102,5,12295.0,instagram_tier2,0.3203843605620191,2.392655145326001,119.44509803921568,2436.68,4.901960784313726,2459.0,1.0091600045964182,0.9160004596418106,public benchmark data
63,2021-02-06,facebook_retargeting,social,4387490,10200,1420.15,306,6,1,5492.0,facebook_retargeting,3.0,4.641013071895425,236.6916666666667,1420.15,16.666666666666664,5492.0,3.8671971270640415,286.71971270640427,public benchmark data
64,2021-02-06,facebook_lal,social,544756,119700,29281.0,1197,24,4,6428.0,facebook_lal,1.0,24.46198830409357,1220.0416666666667,7320.25,16.666666666666664,1607.0,0.2195280215839622,-78.04719784160376,public benchmark data
65,2021-02-06,instagram_blogger,influencer,374754,300700,8289.21,3007,20,2,9450.0,instagram_blogger,1.0,2.756637845028267,414.4605,4144.605,10.0,4725.0,1.1400362640106838,14.00362640106839,public benchmark data
66,2021-02-06,banner_partner,media,39889,42070000,38185.2,4207,84,10,48820.0,banner_partner,0.01,9.076586641312096,454.58571428571423,3818.52,11.904761904761903,4882.0,1.278505808533149,27.850580853314906,public benchmark data
67,2021-02-07,facebook_tier1,social,349043,478000,27314.4,2390,45,5,24905.0,facebook_tier1,0.5,11.428619246861926,606.9866666666667,5462.88,11.11111111111111,4981.0,0.9117901180329788,-8.82098819670211,public benchmark data
68,2021-02-07,facebOOK_tier2,social,348934,659000,38485.6,3295,66,5,23735.0,facebook_tier2,0.5,11.68,583.1151515151515,7697.12,7.575757575757576,4747.0,0.6167241773546469,-38.3275822645353,public benchmark data
69,2021-02-07,google_hot,search,89459845,44650,6426.0,893,18,2,14152.0,google_hot,2.0,7.195968645016797,357.0,3213.0,11.11111111111111,7076.0,2.202303143479614,120.2303143479614,public benchmark data
70,2021-02-07,google_wide,search,127823,1137473,18102.1,2404,48,5,17845.0,google_wide,0.2113456758973619,7.529991680532445,377.1270833333333,3620.42,10.416666666666668,3569.0,0.985797227945929,-1.4202772054070996,public benchmark data
71,2021-02-07,youtube_blogger,influencer,10934,694624,31680.1,4505,82,15,119715.0,youtube_blogger,0.6485523103146451,7.0322086570477245,386.3426829268293,2112.0066666666667,18.29268292682927,7981.0,3.778870647504269,277.88706475042693,public benchmark data
72,2021-02-07,instagram_tier1,social,9034945,1246126,37965.9,2696,100,11,65791.0,instagram_tier1,0.2163505135114747,14.08230712166172,379.659,3451.4454545454546,11.0,5981.0,1.7328971524446937,73.28971524446938,public benchmark data
73,2021-02-07,instagram_tier2,social,983498,567096,6747.94,5103,199,2,3962.0,instagram_tier2,0.8998476448432012,1.3223476386439348,33.90924623115578,3373.97,1.0050251256281406,1981.0,0.5871421500487557,-41.28578499512444,public benchmark data
74,2021-02-07,facebook_retargeting,social,4387490,9938,3435.44,294,6,1,4981.0,facebook_retargeting,2.958341718655665,11.685170068027212,572.5733333333334,3435.44,16.666666666666664,4981.0,1.44988705959062,44.98870595906201,public benchmark data
75,2021-02-07,facebook_lal,social,544756,174221,10104.9,1197,6,1,981.0,facebook_lal,0.6870583913535108,8.44185463659148,1684.15,10104.9,16.666666666666664,981.0,0.0970816138704984,-90.29183861295014,public benchmark data
76,2021-02-07,instagram_blogger,influencer,374754,300700,46167.6,3007,93,12,68076.0,instagram_blogger,1.0,15.353375457266376,496.4258064516129,3847.3,12.903225806451612,5673.0,1.4745405869051025,47.45405869051023,public benchmark data
77,2021-02-07,banner_partner,media,39889,3957603,79987.7,4203,142,27,90504.0,banner_partner,0.1062006472099399,19.031096835593623,563.2936619718309,2962.5074074074078,19.01408450704225,3352.0,1.1314739641219838,13.14739641219838,public benchmark data
78,2021-02-08,facebook_tier1,social,349043,479000,27210.4,2395,36,5,22345.0,facebook_tier1,0.5,11.36133611691023,755.8444444444444,5442.08,13.88888888888889,4469.0,0.8211933672419368,-17.880663275806313,public benchmark data
79,2021-02-08,facebOOK_tier2,social,348934,472656,33752.8,3290,66,5,28670.0,facebook_tier2,0.6960664838698757,10.25920972644377,511.40606060606063,6750.56,7.575757575757576,5734.0,0.8494110118271668,-15.058898817283314,public benchmark data
80,2021-02-08,google_hot,search,89459845,51350,6918.85,904,20,2,16240.0,google_hot,1.760467380720545,7.653595132743363,345.9425,3459.425,10.0,8120.0,2.347210880420879,134.7210880420879,public benchmark data
81,2021-02-08,google_wide,search,127823,478000,16567.5,2390,48,5,16995.0,google_wide,0.5,6.932008368200837,345.15625,3313.5,10.416666666666668,3399.0,1.0258035310095066,2.5803531009506564,public benchmark data
82,2021-02-08,youtube_blogger,influencer,10934,685530,33892.6,4491,79,16,120176.0,youtube_blogger,0.6551135617697256,7.546782453796482,429.02025316455695,2118.2875,20.253164556962027,7511.0,3.5457887562476764,254.57887562476765,public benchmark data
83,2021-02-08,instagram_tier1,social,9034945,472836,330.76,2690,1,0,0.0,instagram_tier1,0.5689076127875203,0.1229591078066914,330.76,,0.0,,0.0,-100.0,public benchmark data
84,2021-02-08,instagram_tier2,social,983498,1020000,2057.3,5100,102,1,1981.0,instagram_tier2,0.5,0.4033921568627451,20.169607843137257,2057.3,0.9803921568627452,1981.0,0.9629125552909152,-3.708744470908481,public benchmark data
85,2021-02-08,facebook_retargeting,social,4387490,10067,4336.04,302,10,2,10036.0,facebook_retargeting,2.999900665540876,14.357748344370862,433.604,2168.02,20.0,5018.0,2.3145542937795778,131.45542937795778,public benchmark data
86,2021-02-08,facebook_lal,social,544756,120200,40099.0,1202,24,5,4905.0,facebook_lal,1.0,33.36023294509151,1670.7916666666667,8019.8,20.833333333333336,981.0,0.1223222524252475,-87.76777475747525,public benchmark data
87,2021-02-08,instagram_blogger,influencer,374754,361650,31154.3,2991,60,9,45027.0,instagram_blogger,0.8270427208627127,10.416014710799065,519.2383333333333,3461.588888888889,15.0,5003.0,1.4452900562683162,44.52900562683161,public benchmark data
88,2021-02-08,banner_partner,media,39889,2233790,31883.9,4197,84,10,42280.0,banner_partner,0.1878869544585659,7.59683106981177,379.5702380952381,3188.3900000000003,11.904761904761903,4228.0,1.3260611154846176,32.606111548461755,public benchmark data
89,2021-02-09,facebook_tier1,social,349043,478600,49036.5,2393,68,9,42813.0,facebook_tier1,0.5,20.491642290012532,721.125,5448.5,13.23529411764706,4757.0,0.8730843351381115,-12.69156648618886,public benchmark data
90,2021-02-09,facebOOK_tier2,social,348934,555116,62119.4,3303,96,11,54791.0,facebook_tier2,0.5950107725232203,18.806963366636392,647.0770833333333,5647.218181818182,11.458333333333332,4981.0,0.8820271927932336,-11.797280720676634,public benchmark data
91,2021-02-09,google_hot,search,89459845,44900,3095.21,898,5,1,7998.0,google_hot,2.0,3.446781737193764,619.042,3095.21,20.0,7998.0,2.5839926854720683,158.39926854720682,public benchmark data
92,2021-02-09,google_wide,search,127823,478600,20299.3,2393,48,5,14905.0,google_wide,0.5,8.482783117425825,422.9020833333333,4059.86,10.416666666666668,2981.0,0.7342617725734385,-26.57382274265615,public benchmark data
93,2021-02-09,youtube_blogger,influencer,10934,491821,27833.0,4495,90,18,143658.0,youtube_blogger,0.9139504006538964,6.191991101223581,309.2555555555556,1546.2777777777778,20.0,7981.0,5.161427082959078,416.14270829590777,public benchmark data
94,2021-02-09,instagram_tier1,social,9034945,759532,10317.0,2701,19,3,19800.0,instagram_tier1,0.3556137200275959,3.8196964087375047,543.0,3439.0,15.789473684210526,6600.0,1.919162547252108,91.91625472521082,public benchmark data
95,2021-02-09,instagram_tier2,social,983498,1022000,7398.26,5110,102,3,5943.0,instagram_tier2,0.5,1.4478003913894326,72.53196078431372,2466.0866666666666,2.941176470588235,1981.0,0.8032969914547474,-19.67030085452525,public benchmark data
96,2021-02-09,facebook_retargeting,social,4387490,9721,2152.37,290,6,1,4353.0,facebook_retargeting,2.983232177759489,7.421965517241379,358.7283333333333,2152.37,16.666666666666664,4353.0,2.0224217955091364,102.24217955091366,public benchmark data
97,2021-02-09,facebook_lal,social,544756,189854,29091.4,1198,24,3,2943.0,facebook_lal,0.6310111980785236,24.28330550918197,1212.1416666666669,9697.133333333331,12.5,981.0,0.1011639178588861,-89.88360821411139,public benchmark data
98,2021-02-09,instagram_blogger,influencer,374754,346068,57642.4,3006,99,15,89460.0,instagram_blogger,0.8686154166233226,19.175781769793748,582.2464646464647,3842.826666666667,15.151515151515152,5964.0,1.551982568387159,55.19825683871594,public benchmark data
99,2021-02-09,banner_partner,media,39889,3736884,44731.7,4190,84,13,51259.0,banner_partner,0.1121255034943552,10.67582338902148,532.520238095238,3440.9,15.476190476190476,3943.0,1.145921125286989,14.592112528698896,public benchmark data
100,2021-02-10,facebook_tier1,social,349043,961800,43386.4,4809,96,8,42400.0,facebook_tier1,0.5,9.021917238511126,451.94166666666666,5423.3,8.333333333333332,5300.0,0.9772647649954824,-2.2735235004517578,public benchmark data
101,2021-02-10,facebOOK_tier2,social,348934,852250,43865.9,6596,132,7,34867.0,facebook_tier2,0.7739513053681432,6.650379017586416,332.31742424242424,6266.557142857143,5.303030303030303,4981.0,0.7948543173626894,-20.514568263731057,public benchmark data
102,2021-02-10,google_hot,search,89459845,108748,51883.1,1797,57,11,86724.0,google_hot,1.6524441828815244,28.87206455203116,910.2298245614036,4716.645454545454,19.29824561403509,7884.0,1.6715269519361795,67.15269519361796,public benchmark data
103,2021-02-10,google_wide,search,127823,797238,67577.8,4797,154,19,42598.0,google_wide,0.6017023774581743,14.087513028976444,438.8168831168832,3556.726315789474,12.337662337662335,2242.0,0.6303549390480305,-36.96450609519695,public benchmark data
104,2021-02-10,youtube_blogger,influencer,10934,1469962,19831.4,8998,80,16,130768.0,youtube_blogger,0.6121246671682669,2.2039786619248725,247.8925,1239.4625,20.0,8173.0,6.593987313049003,559.3987313049003,public benchmark data
105,2021-02-10,instagram_tier1,social,9034945,3858193,38890.3,5406,186,14,83734.0,instagram_tier1,0.1401174072940363,7.193914169441362,209.08763440860216,2777.878571428572,7.526881720430108,5981.0,2.1530818738862902,115.30818738862902,public benchmark data
106,2021-02-10,instagram_tier2,social,983498,2040000,14147.9,10200,395,4,7924.0,instagram_tier2,0.5,1.387049019607843,35.81746835443038,3536.975,1.0126582278481011,1981.0,0.560083121876745,-43.9916878123255,public benchmark data
107,2021-02-10,facebook_retargeting,social,4387490,18399,12713.0,599,22,5,27065.0,facebook_retargeting,3.2556117180281534,21.223706176961603,577.8636363636364,2542.6,22.727272727272727,5413.0,2.128923149531975,112.89231495319753,public benchmark data
108,2021-02-10,facebook_lal,social,544756,321713,131236.0,2396,88,15,14715.0,facebook_lal,0.7447631895509351,54.77295492487479,1491.3181818181818,8749.066666666668,17.045454545454543,981.0,0.112126245847176,-88.78737541528238,public benchmark data
109,2021-02-10,instagram_blogger,influencer,374754,489728,126901.0,6005,187,34,143888.0,instagram_blogger,1.2261908651332984,21.13255620316403,678.6149732620321,3732.3823529411766,18.181818181818183,4232.0,1.1338602532682958,13.386025326829577,public benchmark data
110,2021-02-10,banner_partner,media,39889,5219501,179519.0,8391,302,60,196680.0,banner_partner,0.1607624943457238,21.39423191514718,594.433774834437,2991.983333333333,19.86754966887417,3278.0,1.0955943382037556,9.55943382037556,public benchmark data
111,2021-02-11,facebook_tier1,social,349043,1061233,105681.0,7206,144,23,105225.0,facebook_tier1,0.679021477846995,14.665695253955038,733.8958333333334,4594.826086956522,15.97222222222222,4575.0,0.9956851278848612,-0.4314872115138956,public benchmark data
112,2021-02-11,facebOOK_tier2,social,348934,4564542,188516.0,9895,304,28,131068.0,facebook_tier2,0.2167796900543362,19.051642243557357,620.1184210526316,6732.714285714285,9.210526315789473,4681.0,0.695261940631034,-30.473805936896603,public benchmark data
113,2021-02-11,google_hot,search,89459845,134600,26220.4,2692,54,6,48990.0,google_hot,2.0,9.740118870728084,485.562962962963,4370.066666666667,11.11111111111111,8165.0,1.868392549312749,86.83925493127488,public benchmark data
114,2021-02-11,google_wide,search,127823,1254537,51422.5,7198,144,14,41986.0,google_wide,0.5737574898149675,7.143998332870241,357.10069444444446,3673.035714285714,9.722222222222223,2999.0,0.8164908357236618,-18.350916427633816,public benchmark data
115,2021-02-11,youtube_blogger,influencer,10934,1210466,197161.0,13506,474,95,831820.0,youtube_blogger,1.1157686378634344,14.59803050496076,415.95147679324896,2075.378947368421,20.042194092827003,8756.0,4.218988542358783,321.8988542358783,public benchmark data
116,2021-02-11,instagram_tier1,social,9034945,2224531,348.99,8106,1,0,0.0,instagram_tier1,0.3643914155388259,0.0430532938564026,348.99,,0.0,,0.0,-100.0,public benchmark data
117,2021-02-11,instagram_tier2,social,983498,3058200,4138.73,15291,114,1,2771.0,instagram_tier2,0.5,0.2706644431364854,36.30464912280701,4138.73,0.8771929824561403,2771.0,0.669529058430968,-33.04709415690319,public benchmark data
118,2021-02-11,facebook_retargeting,social,4387490,26774,17711.1,893,27,6,29886.0,facebook_retargeting,3.335325315604691,19.833258678611426,655.9666666666666,2951.85,22.22222222222222,4981.0,1.687416366007758,68.7416366007758,public benchmark data
119,2021-02-11,facebook_lal,social,544756,359500,6171.15,3595,5,1,677.0,facebook_lal,1.0,1.7165924895688456,1234.23,6171.15,20.0,677.0,0.1097040259919139,-89.0295974008086,public benchmark data
120,2021-02-11,instagram_blogger,influencer,374754,900400,128751.0,9004,227,29,143869.0,instagram_blogger,1.0,14.299311417147932,567.1850220264317,4439.689655172414,12.77533039647577,4961.0,1.1174204472198277,11.742044721982742,public benchmark data
121,2021-02-11,banner_partner,media,39889,5125187,193124.0,12602,482,57,226917.0,banner_partner,0.2458837111699534,15.32486906840184,400.6721991701245,3388.1403508771928,11.825726141078835,3981.0,1.174980841324745,17.498084132474474,public benchmark data
122,2021-02-12,facebook_tier1,social,349043,1804868,110004.0,9607,192,23,96163.0,facebook_tier1,0.5322826932495894,11.450400749453523,572.9375,4782.782608695652,11.979166666666668,4181.0,0.8741773026435402,-12.582269735645976,public benchmark data
123,2021-02-12,facebOOK_tier2,social,348934,2639200,191722.0,13196,325,32,176512.0,facebook_tier2,0.5,14.528796605031827,589.9138461538462,5991.3125,9.846153846153848,5516.0,0.9206663815315926,-7.933361846840738,public benchmark data
124,2021-02-12,google_hot,search,89459845,161493,59745.3,3602,72,14,122710.0,google_hot,2.230437232573548,16.58670183231538,829.7958333333333,4267.521428571429,19.444444444444446,8765.0,2.053885410233106,105.3885410233106,public benchmark data
125,2021-02-12,google_wide,search,127823,1502383,86733.1,9605,192,19,56639.0,google_wide,0.6393176706605439,9.029994794377927,451.7348958333334,4564.900000000001,9.895833333333332,2981.0,0.6530263532607504,-34.69736467392495,public benchmark data
126,2021-02-12,youtube_blogger,influencer,10934,1299708,121652.0,17994,378,61,486841.0,youtube_blogger,1.384464818251484,6.760698010447928,321.83068783068785,1994.295081967213,16.137566137566136,7981.0,4.001915299378555,300.19152993785553,public benchmark data
127,2021-02-12,instagram_tier1,social,9034945,3735390,26659.9,10806,115,9,53523.0,instagram_tier1,0.2892870623950913,2.4671386266888766,231.8252173913044,2962.211111111111,7.82608695652174,5947.0,2.007621934065769,100.7621934065769,public benchmark data
128,2021-02-12,instagram_tier2,social,983498,7156880,49060.3,20391,408,15,29715.0,instagram_tier2,0.2849146555482277,2.4059781276053163,120.24583333333334,3270.686666666667,3.6764705882352944,1981.0,0.6056832102535044,-39.43167897464957,public benchmark data
129,2021-02-12,facebook_retargeting,social,4387490,42587,11278.3,1207,34,8,39848.0,facebook_retargeting,2.834198229506657,9.34407622203811,331.7147058823529,1409.7875,23.52941176470588,4981.0,3.5331565927489077,253.31565927489072,public benchmark data
130,2021-02-12,facebook_lal,social,544756,480000,44580.9,4800,33,5,6945.0,facebook_lal,1.0,9.2876875,1350.9363636363637,8916.18,15.151515151515152,1389.0,0.1557842035490535,-84.42157964509465,public benchmark data
131,2021-02-12,instagram_blogger,influencer,374754,1200300,308572.0,12003,412,79,393499.0,instagram_blogger,1.0,25.707906356744147,748.9611650485436,3905.974683544304,19.1747572815534,4981.0,1.275225879211335,27.52258792113348,public benchmark data
132,2021-02-12,banner_partner,media,39889,10819771,145201.0,16808,336,49,195069.0,banner_partner,0.155345247140628,8.638802950975727,432.1458333333333,2963.285714285714,14.583333333333334,3981.0,1.3434411608735477,34.34411608735477,public benchmark data
133,2021-02-13,facebook_tier1,social,349043,1496322,308692.0,11990,397,60,341880.0,facebook_tier1,0.8012981163145366,25.74578815679733,777.5617128463476,5144.866666666667,15.113350125944583,5698.0,1.1075116945045549,10.751169450455471,public benchmark data
134,2021-02-13,facebOOK_tier2,social,348934,2358224,325444.0,16506,655,52,262184.0,facebook_tier2,0.6999335092849535,19.716709075487703,496.8610687022901,6258.538461538462,7.938931297709924,5042.0,0.805619399958211,-19.438060004178904,public benchmark data
135,2021-02-13,google_hot,search,89459845,225350,61588.1,4507,100,17,152660.0,google_hot,2.0,13.664987796760592,615.881,3622.8294117647056,17.0,8980.0,2.4787255979645417,147.87255979645417,public benchmark data
136,2021-02-13,google_wide,search,127823,3452027,216562.0,12010,378,56,123088.0,google_wide,0.3479115313987984,18.03180682764363,572.9153439153439,3867.178571428572,14.814814814814811,2198.0,0.5683730294326798,-43.16269705673202,public benchmark data
137,2021-02-13,youtube_blogger,influencer,10934,2250900,205045.0,22509,790,158,1296550.0,youtube_blogger,1.0,9.109467324181438,259.5506329113924,1297.753164556962,20.0,8206.012658227848,6.3232461167060885,532.3246116706089,public benchmark data
138,2021-02-13,instagram_tier1,social,9034945,2698200,88844.8,13491,219,26,176384.0,instagram_tier1,0.5,6.585486620710103,405.6840182648402,3417.107692307693,11.87214611872146,6784.0,1.985304711136724,98.53047111367238,public benchmark data
139,2021-02-13,instagram_tier2,social,983498,5100600,16656.8,25503,510,6,10134.0,instagram_tier2,0.5,0.6531310041955848,32.66039215686274,2776.133333333333,1.1764705882352942,1689.0,0.6084001729023583,-39.15998270976418,public benchmark data
140,2021-02-13,facebook_retargeting,social,4387490,50333,8367.08,1510,19,4,18828.0,facebook_retargeting,3.000019867681243,5.541112582781457,440.3726315789474,2091.77,21.052631578947366,4707.0,2.2502473981365063,125.02473981365064,public benchmark data
141,2021-02-13,facebook_lal,social,544756,495013,171332.0,6006,128,19,24035.0,facebook_lal,1.213301468850313,28.526806526806528,1338.53125,9017.473684210529,14.84375,1265.0,0.1402831928653141,-85.97168071346859,public benchmark data
142,2021-02-13,instagram_blogger,influencer,374754,1499200,32770.1,14992,50,8,43976.0,instagram_blogger,1.0,2.185839114194237,655.4019999999999,4096.2625,16.0,5497.0,1.3419550138693506,34.19550138693504,public benchmark data
143,2021-02-13,banner_partner,media,39889,17890507,390105.0,20993,734,118,353174.0,banner_partner,0.1173415599680881,18.58262277902158,531.4782016348773,3305.9745762711864,16.076294277929154,2993.0,0.9053306161161738,-9.466938388382614,public benchmark data
144,2021-02-14,facebook_tier1,social,349043,2452315,60244.9,14406,110,14,63560.0,facebook_tier1,0.5874449244897169,4.1819311398028605,547.6809090909092,4303.207142857143,12.727272727272728,4540.0,1.0550270645316036,5.502706453160347,public benchmark data
145,2021-02-14,facebOOK_tier2,social,348934,7936534,197948.0,19797,396,30,149430.0,facebook_tier2,0.2494413808345053,9.998888720513207,499.8686868686869,6598.266666666666,7.575757575757576,4981.0,0.7548952250085881,-24.51047749914119,public benchmark data
146,2021-02-14,google_hot,search,89459845,263754,56440.3,5409,90,11,84183.0,google_hot,2.050774585409131,10.43451654649658,627.1144444444445,5130.936363636364,12.22222222222222,7653.0,1.491540619025767,49.15406190257669,public benchmark data
147,2021-02-14,google_wide,search,127823,3111389,196998.0,14390,498,48,101280.0,google_wide,0.4624944036248762,13.689923558026408,395.578313253012,4104.125,9.63855421686747,2110.0,0.5141168945877623,-48.58831054122377,public benchmark data
148,2021-02-14,youtube_blogger,influencer,10934,2511956,231751.0,26993,540,85,733550.0,youtube_blogger,1.0745809241881623,8.585596265698515,429.1685185185185,2726.4823529411765,15.74074074074074,8630.0,3.165250635380214,216.5250635380214,public benchmark data
149,2021-02-14,instagram_tier1,social,9034945,3239400,312844.0,16197,604,72,377352.0,instagram_tier1,0.5,19.31493486448108,517.9536423841059,4345.055555555556,11.920529801324504,5241.0,1.2061986165628875,20.61986165628876,public benchmark data
150,2021-02-14,instagram_tier2,social,983498,5130500,218228.0,30602,935,54,119718.0,instagram_tier2,0.5964720787447617,7.131167897523038,233.39893048128343,4041.259259259259,5.775401069518717,2217.0,0.5485913814909178,-45.14086185090822,public benchmark data
151,2021-02-14,facebook_retargeting,social,4387490,55495,4764.34,1790,10,2,10902.0,facebook_retargeting,3.2255158122353365,2.661642458100559,476.434,2382.17,20.0,5451.0,2.288249789057876,128.82497890578756,public benchmark data
152,2021-02-14,facebook_lal,social,544756,605220,170719.0,7205,142,21,14280.0,facebook_lal,1.1904761904761905,23.69451769604441,1202.2464788732395,8129.476190476191,14.788732394366196,680.0,0.0836462256690819,-91.6353774330918,public benchmark data
153,2021-02-14,instagram_blogger,influencer,374754,2429465,205870.0,17998,354,53,306817.0,instagram_blogger,0.7408215388984818,11.438493165907325,581.5536723163842,3884.339622641509,14.97175141242938,5789.0,1.4903434206052364,49.03434206052364,public benchmark data
154,2021-02-14,banner_partner,media,39889,7218480,225274.0,25190,504,76,236056.0,banner_partner,0.348965433165985,8.942993251290195,446.97222222222223,2964.1315789473683,15.07936507936508,3106.0,1.047861715066985,4.786171506698509,public benchmark data
155,2021-02-15,facebook_tier1,social,349043,3361800,168064.0,16809,247,30,149430.0,facebook_tier1,0.5,9.9984532095901,680.421052631579,5602.133333333333,12.145748987854253,4981.0,0.8891255712109672,-11.087442878903277,public benchmark data
156,2021-02-15,facebOOK_tier2,social,348934,3441545,593576.0,23103,694,81,403461.0,facebook_tier2,0.6712973388405499,25.692594035406657,855.2968299711815,7328.098765432099,11.671469740634006,4981.0,0.6797124546814561,-32.02875453185439,public benchmark data
157,2021-02-15,google_hot,search,89459845,315350,82930.7,6307,126,19,138073.0,google_hot,2.0,13.14899318217853,658.1801587301587,4364.773684210526,15.07936507936508,7267.0,1.6649202285763898,66.49202285763897,public benchmark data
158,2021-02-15,google_wide,search,127823,3359600,124854.0,16798,336,31,92411.0,google_wide,0.5,7.432670556018573,371.5892857142857,4027.548387096774,9.226190476190476,2981.0,0.7401524981178016,-25.98475018821984,public benchmark data
159,2021-02-15,youtube_blogger,influencer,10934,2478877,151480.0,31504,630,98,782138.0,youtube_blogger,1.2708980719898568,4.808278313864906,240.44444444444449,1545.7142857142858,15.555555555555555,7981.0,5.163308687615527,416.3308687615527,public benchmark data
160,2021-02-15,instagram_tier1,social,9034945,3780200,136269.0,18901,378,45,269145.0,instagram_tier1,0.5,7.209618538701656,360.5,3028.2,11.904761904761903,5981.0,1.9751007198996104,97.51007198996103,public benchmark data
161,2021-02-15,instagram_tier2,social,983498,7138400,37098.6,35692,916,11,21791.0,instagram_tier2,0.5,1.0394093914602711,40.500655021834056,3372.6,1.2008733624454149,1981.0,0.5873806558738066,-41.26193441261935,public benchmark data
162,2021-02-15,facebook_retargeting,social,4387490,63986,14609.5,2099,28,5,24905.0,facebook_retargeting,3.280405088613134,6.960219151977132,521.7678571428571,2921.9,17.857142857142858,4981.0,1.704712686950272,70.4712686950272,public benchmark data
163,2021-02-15,facebook_lal,social,544756,1093435,6587.76,8402,4,1,741.0,facebook_lal,0.7684041575402287,0.7840704594144252,1646.94,6587.76,25.0,741.0,0.1124813290101643,-88.75186709898357,public benchmark data
164,2021-02-15,instagram_blogger,influencer,374754,2100700,82452.0,21007,122,24,103392.0,instagram_blogger,1.0,3.924977388489551,675.8360655737705,3435.5,19.672131147540984,4308.0,1.25396594382186,25.396594382186,public benchmark data
165,2021-02-15,banner_partner,media,39889,8747458,543275.0,29390,1061,171,809685.0,banner_partner,0.3359833222405869,18.48502892140184,512.0405278039585,3177.0467836257308,16.116870876531575,4735.0,1.4903778012976854,49.037780129768535,public benchmark data
166,2021-02-16,facebook_tier1,social,349043,3839000,393027.0,19195,384,64,336448.0,facebook_tier1,0.5,20.4754884084397,1023.5078125,6141.046875,16.666666666666664,5257.0,0.8560429690581054,-14.395703094189455,public benchmark data
167,2021-02-16,facebOOK_tier2,social,348934,5280000,595176.0,26400,923,80,392160.0,facebook_tier2,0.5,22.544545454545453,644.8277356446371,7439.7,8.66738894907909,4902.0,0.6588975361909755,-34.11024638090245,public benchmark data
168,2021-02-16,google_hot,search,89459845,373184,102053.0,7198,144,22,185482.0,google_hot,1.9288072371805864,14.177966101694915,708.7013888888889,4638.772727272727,15.27777777777778,8431.0,1.8175065897131883,81.75065897131883,public benchmark data
169,2021-02-16,google_wide,search,127823,3841400,271906.0,19207,666,67,199727.0,google_wide,0.5,14.156609569427811,408.2672672672672,4058.298507462687,10.06006006006006,2981.0,0.7345442910417571,-26.54557089582429,public benchmark data
170,2021-02-16,youtube_blogger,influencer,10934,4371118,221258.0,35999,720,128,1021570.0,youtube_blogger,0.8235650467454778,6.146226284063446,307.3027777777778,1728.578125,17.77777777777778,7981.015625,4.617098590785418,361.7098590785418,public benchmark data
171,2021-02-16,instagram_tier1,social,9034945,4319200,143680.0,21596,432,34,171972.0,instagram_tier1,0.5,6.653083904426746,332.5925925925926,4225.882352941177,7.87037037037037,5058.0,1.1969097995545657,19.69097995545657,public benchmark data
172,2021-02-16,instagram_tier2,social,983498,15988504,103731.0,40794,816,24,41424.0,instagram_tier2,0.2551458222733034,2.5428004118252683,127.12132352941175,4322.125,2.941176470588235,1726.0,0.3993406021343668,-60.06593978656333,public benchmark data
173,2021-02-16,facebook_retargeting,social,4387490,80233,31712.0,2407,48,12,59772.0,facebook_retargeting,3.000012463699475,13.174906522642294,660.6666666666666,2642.6666666666665,25.0,4981.0,1.8848385469223008,88.48385469223007,public benchmark data
174,2021-02-16,facebook_lal,social,544756,1576818,345629.0,9597,292,39,25857.0,facebook_lal,0.6086307994962006,36.014275294362825,1183.6609589041095,8862.28205128205,13.356164383561644,663.0,0.0748114307537851,-92.51885692462147,public benchmark data
175,2021-02-16,instagram_blogger,influencer,374754,3937010,620903.0,23994,833,160,939360.0,instagram_blogger,0.6094472708984737,25.877427690255896,745.3817527010805,3880.64375,19.20768307322929,5871.0,1.512893318279989,51.28933182799889,public benchmark data
176,2021-02-16,banner_partner,media,39889,56876855,206424.0,33592,416,62,246822.0,banner_partner,0.0590609308478818,6.145034532031436,496.21153846153845,3329.4193548387098,14.903846153846152,3981.0,1.1957039879083828,19.57039879083828,public benchmark data
177,2021-02-17,facebook_tier1,social,349043,4320600,489831.0,21603,652,86,428366.0,facebook_tier1,0.5,22.674211915011803,751.2745398773006,5695.709302325581,13.190184049079754,4981.0,0.8745179459854521,-12.548205401454789,public benchmark data
178,2021-02-17,facebOOK_tier2,social,348934,6102420,403691.0,29704,594,61,303841.0,facebook_tier2,0.4867577125140518,13.59045919741449,679.6144781144781,6617.88524590164,10.26936026936027,4981.0,0.7526573542635332,-24.73426457364668,public benchmark data
179,2021-02-17,google_hot,search,89459845,490058,116213.0,8104,162,31,227726.0,google_hot,1.653681809091985,14.340202369200394,717.3641975308642,3748.806451612904,19.1358024691358,7346.0,1.9595570202989336,95.9557020298934,public benchmark data
180,2021-02-17,google_wide,search,127823,4319200,180223.0,21596,442,44,136708.0,google_wide,0.5,8.345202815336174,407.7443438914027,4095.977272727273,9.95475113122172,3107.0,0.7585491307990656,-24.14508692009344,public benchmark data
181,2021-02-17,youtube_blogger,influencer,10934,4049400,363811.0,40494,746,149,1189170.0,youtube_blogger,1.0,8.984318664493506,487.6823056300268,2441.684563758389,19.973190348525467,7981.006711409396,3.268647731926742,226.8647731926742,public benchmark data
182,2021-02-17,instagram_tier1,social,9034945,4999407,246023.0,24294,606,73,496546.0,instagram_tier1,0.4859376322031793,10.126903762245822,405.9785478547855,3370.178082191781,12.046204620462046,6802.0,2.0182909727952265,101.82909727952266,public benchmark data
183,2021-02-17,instagram_tier2,social,983498,32964848,162819.0,45907,974,46,121900.0,instagram_tier2,0.1392604631454694,3.5467140087568345,167.1652977412731,3539.543478260869,4.722792607802875,2650.0,0.7486841216319963,-25.13158783680037,public benchmark data
184,2021-02-17,facebook_retargeting,social,4387490,84332,31422.5,2698,54,11,45441.0,facebook_retargeting,3.199260067352844,11.646590066716088,581.8981481481482,2856.590909090909,20.37037037037037,4131.0,1.4461293659002308,44.61293659002308,public benchmark data
185,2021-02-17,facebook_lal,social,544756,1361187,291254.0,10810,216,32,31392.0,facebook_lal,0.7941598031717906,26.943015726179464,1348.398148148148,9101.6875,14.814814814814811,981.0,0.1077822107164193,-89.22177892835806,public benchmark data
186,2021-02-17,instagram_blogger,influencer,374754,2795511,462606.0,26990,795,119,592739.0,instagram_blogger,0.9654764370449624,17.139903668025195,581.8943396226415,3887.4453781512607,14.968553459119496,4981.0,1.281304176772459,28.130417677245863,public benchmark data
187,2021-02-17,banner_partner,media,39889,16553044,523398.0,37805,756,142,565302.0,banner_partner,0.2283869963735975,13.844676630075387,692.3253968253969,3685.901408450704,18.78306878306878,3981.0,1.0800614446367771,8.006144463677737,public benchmark data
188,2021-02-18,facebook_tier1,social,349043,4798200,30892.2,23991,61,6,25686.0,facebook_tier1,0.5,1.2876578717018885,506.4295081967213,5148.7,9.836065573770492,4281.0,0.8314720220638219,-16.852797793617807,public benchmark data
189,2021-02-18,facebOOK_tier2,social,348934,4678356,373294.0,33003,1313,51,237711.0,facebook_tier2,0.7054401161433632,11.310911129291275,284.3061690784463,7319.490196078431,3.884234577303884,4661.0,0.6367929835464808,-36.32070164535192,public benchmark data
190,2021-02-18,google_hot,search,89459845,527210,119542.0,9004,162,28,214368.0,google_hot,1.7078583486656171,13.27654375832963,737.9135802469136,4269.357142857143,17.28395061728395,7656.0,1.7932442154221948,79.32442154221947,public benchmark data
191,2021-02-18,google_wide,search,127823,10593685,200986.0,24005,480,43,93353.0,google_wide,0.2265972605377637,8.372672359925016,418.72083333333336,4674.093023255814,8.958333333333334,2171.0,0.4644751375717711,-53.55248624282288,public benchmark data
192,2021-02-18,youtube_blogger,influencer,10934,4064081,86522.9,45004,144,31,256897.0,youtube_blogger,1.107359818861878,1.9225602168696116,600.8534722222222,2791.0612903225806,21.52777777777778,8287.0,2.9691214695762627,196.91214695762628,public benchmark data
193,2021-02-18,instagram_tier1,social,9034945,11212959,241388.0,27009,599,72,430632.0,instagram_tier1,0.2408730826537402,8.937317190566107,402.98497495826376,3352.6111111111118,12.020033388981636,5981.0,1.7839826337680416,78.39826337680414,public benchmark data
194,2021-02-18,instagram_tier2,social,983498,13281923,58596.4,51000,1020,16,36016.0,instagram_tier2,0.3839805425765531,1.1489490196078431,57.44745098039216,3662.275,1.568627450980392,2251.0,0.6146452683099985,-38.53547316900014,public benchmark data
195,2021-02-18,facebook_retargeting,social,4387490,97885,17176.7,2991,28,6,33930.0,facebook_retargeting,3.055626500485264,5.742795051822133,613.4535714285714,2862.7833333333333,21.428571428571427,5655.0,1.9753503292250547,97.53503292250548,public benchmark data
196,2021-02-18,facebook_lal,social,544756,1181224,171831.0,11991,128,19,17917.0,facebook_lal,1.0151334547892694,14.329997498123593,1342.4296875,9043.736842105263,14.84375,943.0,0.1042710570269625,-89.57289429730375,public benchmark data
197,2021-02-18,instagram_blogger,influencer,374754,2482796,518530.0,30000,1032,134,796630.0,instagram_blogger,1.208315141477592,17.284333333333333,502.4515503875969,3869.626865671642,12.984496124031008,5945.0,1.5363238385435751,53.63238385435751,public benchmark data
198,2021-02-18,banner_partner,media,39889,419970000,339735.0,41997,840,114,516420.0,banner_partner,0.01,8.089506393313808,404.44642857142856,2980.1315789473683,13.571428571428571,4530.0,1.5200671111307342,52.00671111307342,public benchmark data
199,2021-02-19,facebook_tier1,social,349043,15345139,53253.9,26407,71,10,44550.0,facebook_tier1,0.1720870693970253,2.0166584617715,750.0549295774648,5325.39,14.084507042253522,4455.0,0.8365584492403373,-16.344155075966267,public benchmark data
200,2021-02-19,facebOOK_tier2,social,348934,7260800,415376.0,36304,726,58,288898.0,facebook_tier2,0.5,11.44160423093874,572.1432506887053,7161.6551724137935,7.988980716253444,4981.0,0.6955096105697007,-30.44903894302993,public benchmark data
201,2021-02-19,google_hot,search,89459845,413291,9777.55,9904,14,2,15962.0,google_hot,2.396374467384966,0.9872324313408724,698.3964285714285,4888.775,14.285714285714285,7981.0,1.6325153029133066,63.25153029133066,public benchmark data
202,2021-02-19,google_wide,search,127823,8455475,81623.5,26406,281,20,72300.0,google_wide,0.3122946966314725,3.091096720442324,290.47508896797154,4081.175,7.11743772241993,3615.0,0.8857743174453435,-11.422568255465643,public benchmark data
203,2021-02-19,youtube_blogger,influencer,10934,3801165,880357.0,49510,1666,369,2812520.0,youtube_blogger,1.3024954191675446,17.781397697434862,528.4255702280913,2385.791327913279,22.14885954381753,7622.005420054201,3.194749402799092,219.4749402799092,public benchmark data
204,2021-02-19,instagram_tier1,social,9034945,6168252,300775.0,29699,1082,96,574176.0,instagram_tier1,0.4814816255885784,10.127445368530926,277.9805914972273,3133.0729166666665,8.872458410351202,5981.0,1.9089884465131743,90.89884465131745,public benchmark data
205,2021-02-19,instagram_tier2,social,983498,11222000,9908.98,56110,185,3,3621.0,instagram_tier2,0.5,0.1765991801817857,53.56205405405405,3302.9933333333333,1.6216216216216215,1207.0,0.3654261084390119,-63.457389156098806,public benchmark data
206,2021-02-19,facebook_retargeting,social,4387490,115166,3173.41,3297,7,1,5199.0,facebook_retargeting,2.8628240973898547,0.9625144070367,453.3442857142857,3173.41,14.285714285714285,5199.0,1.6383007553388942,63.83007553388942,public benchmark data
207,2021-02-19,facebook_lal,social,544756,1320200,440355.0,13202,264,45,80325.0,facebook_lal,1.0,33.35517345856688,1668.0113636363635,9785.666666666666,17.045454545454543,1785.0,0.1824096467622713,-81.75903532377286,public benchmark data
208,2021-02-19,instagram_blogger,influencer,374754,3299900,404285.0,32999,694,104,519272.0,instagram_blogger,1.0,12.251431861571564,582.543227665706,3887.355769230769,14.985590778097984,4993.0,1.2844206438527277,28.442064385272765,public benchmark data
209,2021-02-19,banner_partner,media,39889,19065489,492126.0,46209,924,139,556417.0,banner_partner,0.2423698652575866,10.650003246120884,532.6038961038961,3540.4748201438847,15.043290043290044,4003.0,1.1306393078195422,13.063930781954214,public benchmark data
210,2021-02-20,facebook_tier1,social,349043,9916906,56874.2,28796,88,12,59772.0,facebook_tier1,0.2903728239432742,1.975072926795388,646.2977272727272,4739.516666666666,13.636363636363637,4981.0,1.0509510463443883,5.095104634438819,public benchmark data
211,2021-02-20,facebOOK_tier2,social,348934,7918600,455831.0,39593,853,68,387124.0,facebook_tier2,0.5,11.5129189503195,534.3856975381008,6703.39705882353,7.971864009378664,5693.0,0.8492708920630673,-15.072910793693277,public benchmark data
212,2021-02-20,google_hot,search,89459845,540450,190469.0,10809,359,47,365378.0,google_hot,2.0,17.621334073457305,530.5543175487466,4052.531914893617,13.09192200557103,7774.0,1.9183069160860824,91.83069160860823,public benchmark data
213,2021-02-20,google_wide,search,127823,5762000,435770.0,28810,732,96,253440.0,google_wide,0.5,15.125650815688996,595.3142076502733,4539.270833333333,13.114754098360656,2640.0,0.581591206370333,-41.8408793629667,public benchmark data
214,2021-02-20,youtube_blogger,influencer,10934,5399300,303860.0,53993,1094,182,1452540.0,youtube_blogger,1.0,5.627766562332154,277.7513711151737,1669.5604395604396,16.63619744058501,7980.989010989011,4.780293556243007,378.0293556243007,public benchmark data
215,2021-02-20,instagram_tier1,social,9034945,7669421,404737.0,32395,1003,139,847066.0,instagram_tier1,0.4223917294408534,12.49381077326748,403.5264207377866,2911.776978417266,13.858424725822532,6094.0,2.092880067797113,109.28800677971128,public benchmark data
216,2021-02-20,instagram_tier2,social,983498,12239000,150065.0,61195,1224,48,73392.0,instagram_tier2,0.5,2.452242830296593,122.60212418300654,3126.3541666666665,3.92156862745098,1529.0,0.4890680705027821,-51.09319294972179,public benchmark data
217,2021-02-20,facebook_retargeting,social,4387490,111784,73587.5,3594,116,24,119544.0,facebook_retargeting,3.21512917769985,20.47509738452977,634.375,3066.145833333333,20.689655172413797,4981.0,1.6245150331238325,62.45150331238322,public benchmark data
218,2021-02-20,facebook_lal,social,544756,1118531,173041.0,14399,113,18,17658.0,facebook_lal,1.2873134495154803,12.017570664629488,1531.3362831858408,9613.388888888889,15.929203539823009,981.0,0.1020451800440358,-89.79548199559642,public benchmark data
219,2021-02-20,instagram_blogger,influencer,374754,5497354,504576.0,35994,822,137,682397.0,instagram_blogger,0.6547513585626831,14.018336389398232,613.8394160583941,3683.036496350365,16.666666666666664,4981.0,1.3524166825215629,35.241668252156266,public benchmark data
220,2021-02-20,banner_partner,media,39889,26012342,750361.0,50408,1678,252,1003210.0,banner_partner,0.1937849348589988,14.885752261545786,447.1758045292015,2977.623015873016,15.01787842669845,3980.992063492064,1.3369698052004302,33.69698052004302,public benchmark data
221,2021-02-21,facebook_tier1,social,349043,478600,38596.7,2393,66,7,31094.0,facebook_tier1,0.5,16.129001253656497,584.7984848484848,5513.814285714286,10.606060606060606,4442.0,0.8056129150937775,-19.43870849062225,public benchmark data
222,2021-02-21,facebOOK_tier2,social,348934,543787,39481.0,3299,113,6,29538.0,facebook_tier2,0.6066713621325998,11.967565929069416,349.3893805309734,6580.166666666667,5.3097345132743365,4923.0,0.7481573415060409,-25.18426584939591,public benchmark data
223,2021-02-21,google_hot,search,89459845,49655,9444.12,907,18,2,15962.0,google_hot,1.8266035645957104,10.412480705622931,524.6733333333334,4722.06,11.11111111111111,7981.0,1.690152179345455,69.0152179345455,public benchmark data
224,2021-02-21,google_wide,search,127823,478400,17476.2,2392,48,5,12910.0,google_wide,0.5,7.306103678929766,364.0875,3495.24,10.416666666666668,2582.0,0.738718943477415,-26.128105652258505,public benchmark data
225,2021-02-21,youtube_blogger,influencer,10934,713896,30801.0,4507,90,20,159620.0,youtube_blogger,0.6313244506202584,6.834035944086976,342.2333333333333,1540.05,22.22222222222222,7981.0,5.182299275997533,418.2299275997533,public benchmark data
226,2021-02-21,instagram_tier1,social,9034945,555915,29457.5,2709,60,10,55540.0,instagram_tier1,0.4873047138501389,10.873938722775932,490.9583333333333,2945.75,16.666666666666664,5554.0,1.885428159212425,88.54281592124246,public benchmark data
227,2021-02-21,instagram_tier2,social,983498,781353,12503.5,5104,102,4,7924.0,instagram_tier2,0.6532258787001523,2.4497452978056424,122.58333333333331,3125.875,3.92156862745098,1981.0,0.6337425520854161,-36.6257447914584,public benchmark data
228,2021-02-21,facebook_retargeting,social,4387490,10812,1555.96,296,3,1,3993.0,facebook_retargeting,2.737698853126156,5.256621621621622,518.6533333333333,1555.96,33.33333333333333,3993.0,2.5662613434792667,156.6261343479267,public benchmark data
229,2021-02-21,facebook_lal,social,544756,119400,32169.9,1194,24,4,3924.0,facebook_lal,1.0,26.942964824120605,1340.4125,8042.475,16.666666666666664,981.0,0.1219773763673496,-87.80226236326504,public benchmark data
230,2021-02-21,instagram_blogger,influencer,374754,300900,65006.3,3009,89,17,84677.0,instagram_blogger,1.0,21.60395480225989,730.4078651685394,3823.9,19.101123595505616,4981.0,1.3025968252307851,30.259682523078524,public benchmark data
231,2021-02-21,banner_partner,media,39889,42080000,25023.2,4208,67,10,31710.0,banner_partner,0.01,5.946577946768061,373.48059701492537,2502.32,14.925373134328357,3171.0,1.267224016113047,26.722401611304708,public benchmark data
232,2021-02-22,facebook_tier1,social,349043,605386,59710.0,4802,96,12,67632.0,facebook_tier1,0.7932129253071595,12.434402332361516,621.9791666666666,4975.833333333333,12.5,5636.0,1.1326745938703735,13.267459387037349,public benchmark data
233,2021-02-22,facebOOK_tier2,social,348934,2090371,95536.2,6606,132,14,69734.0,facebook_tier2,0.3160204576125482,14.46203451407811,723.7590909090909,6824.0142857142855,10.606060606060606,4981.0,0.7299222703017286,-27.007772969827144,public benchmark data
234,2021-02-22,google_hot,search,89459845,90500,30645.4,1810,65,7,59045.0,google_hot,2.0,16.931160220994474,471.4676923076924,4377.914285714286,10.76923076923077,8435.0,1.9267165708393428,92.67165708393428,public benchmark data
235,2021-02-22,google_wide,search,127823,959600,12348.3,4798,39,4,11924.0,google_wide,0.5,2.573634847853272,316.6230769230769,3087.075,10.256410256410255,2981.0,0.9656389948413951,-3.4361005158604767,public benchmark data
236,2021-02-22,youtube_blogger,influencer,10934,757387,77803.8,8997,180,42,359394.0,youtube_blogger,1.1878999771583088,8.647749249749918,432.2433333333333,1852.4714285714283,23.33333333333333,8557.0,4.61923453610235,361.92345361023496,public benchmark data
237,2021-02-22,instagram_tier1,social,9034945,4565811,33474.7,5397,108,9,53829.0,instagram_tier1,0.1182046300208221,6.202464332036316,309.9509259259259,3719.411111111111,8.333333333333332,5981.0,1.608050258852208,60.8050258852208,public benchmark data
238,2021-02-22,instagram_tier2,social,983498,2190892,19196.6,10202,124,7,14602.0,instagram_tier2,0.4656550847782547,1.8816506567339737,154.81129032258065,2742.371428571428,5.64516129032258,2086.0,0.7606555327505913,-23.93444672494087,public benchmark data
239,2021-02-22,facebook_retargeting,social,4387490,17821,5792.48,598,12,3,12168.0,facebook_retargeting,3.355591717636496,9.686421404682273,482.70666666666665,1930.8266666666664,25.0,4056.0,2.1006546418805074,110.06546418805073,public benchmark data
240,2021-02-22,facebook_lal,social,544756,239600,51783.3,2396,48,6,5886.0,facebook_lal,1.0,21.612395659432387,1078.81875,8630.550000000001,12.5,981.0,0.1136659888419625,-88.63340111580375,public benchmark data
241,2021-02-22,instagram_blogger,influencer,374754,599700,137382.0,5997,236,35,158340.0,instagram_blogger,1.0,22.908454227113555,582.1271186440678,3925.2,14.83050847457627,4524.0,1.15255273616631,15.255273616631,public benchmark data
242,2021-02-22,banner_partner,media,39889,105873774,60021.6,8409,168,20,80600.0,banner_partner,0.0079424768592833,7.137780948983232,357.27142857142854,3001.08,11.904761904761903,4030.0,1.3428499073666813,34.284990736668135,public benchmark data
243,2021-02-23,facebook_tier1,social,349043,924525,9858.28,1203,28,2,9962.0,facebook_tier1,0.1301208728806684,8.19474646716542,352.0814285714286,4929.14,7.142857142857142,4981.0,1.0105211051014984,1.052110510149837,public benchmark data
244,2021-02-23,facebOOK_tier2,social,348934,475992,19350.0,1641,37,3,12225.0,facebook_tier2,0.3447536933393838,11.791590493601465,522.972972972973,6450.0,8.108108108108109,4075.0,0.6317829457364341,-36.82170542635659,public benchmark data
245,2021-02-23,google_hot,search,89459845,22175,5409.21,442,9,2,15050.0,google_hot,1.9932356257046224,12.238031674208145,601.0233333333333,2704.605,22.22222222222222,7525.0,2.782291683998218,178.2291683998218,public benchmark data
246,2021-02-23,google_wide,search,127823,241000,12581.6,1205,24,3,8943.0,google_wide,0.5,10.44116182572614,524.2333333333333,4193.866666666667,12.5,2981.0,0.7107998982641317,-28.92001017358683,public benchmark data
247,2021-02-23,youtube_blogger,influencer,10934,297609,16343.0,2246,45,8,63848.0,youtube_blogger,0.7546814780466988,7.276491540516473,363.1777777777778,2042.875,17.77777777777778,7981.0,3.906749066878786,290.6749066878786,public benchmark data
248,2021-02-23,instagram_tier1,social,9034945,536236,557.25,1349,1,0,0.0,instagram_tier1,0.2515683393132874,0.4130837657524092,557.25,,0.0,,0.0,-100.0,public benchmark data
249,2021-02-23,instagram_tier2,social,983498,512000,4285.44,2560,51,2,2934.0,instagram_tier2,0.5,1.674,84.02823529411764,2142.72,3.92156862745098,1467.0,0.6846438172043011,-31.53561827956989,public benchmark data
250,2021-02-23,facebook_retargeting,social,4387490,4908,1238.09,155,3,1,5265.0,facebook_retargeting,3.158109209453953,7.9876774193548385,412.69666666666666,1238.09,33.33333333333333,5265.0,4.252517991422272,325.2517991422271,public benchmark data
251,2021-02-23,facebook_lal,social,544756,60800,16078.6,608,12,2,2720.0,facebook_lal,1.0,26.445065789473684,1339.8833333333334,8039.3,16.666666666666664,1360.0,0.1691689574962994,-83.08310425037006,public benchmark data
252,2021-02-23,instagram_blogger,influencer,374754,117218,15435.0,1500,31,4,17816.0,instagram_blogger,1.2796669453496905,10.29,497.9032258064516,3858.75,12.903225806451612,4454.0,1.1542597991577583,15.425979915775834,public benchmark data
253,2021-02-23,banner_partner,media,39889,654544,16706.4,2099,42,6,23886.0,banner_partner,0.3206812681805959,7.959218675559791,397.7714285714286,2784.4,14.285714285714285,3981.0,1.4297514724895848,42.97514724895847,public benchmark data
254,2021-02-24,facebook_tier1,social,349043,479596,94564.2,2408,93,15,81825.0,facebook_tier1,0.5020892584592032,39.27084717607973,1016.8193548387096,6304.28,16.129032258064516,5455.0,0.8652851713439124,-13.471482865608758,public benchmark data
255,2021-02-24,facebOOK_tier2,social,348934,395127,44347.2,3297,66,7,34867.0,facebook_tier2,0.8344152639531088,13.450773430391264,671.9272727272727,6335.314285714286,10.606060606060606,4981.0,0.7862277663527799,-21.377223364722006,public benchmark data
256,2021-02-24,google_hot,search,89459845,45150,14306.2,903,18,3,23943.0,google_hot,2.0,15.84296788482835,794.7888888888889,4768.733333333334,16.666666666666664,7981.0,1.6736100431980538,67.36100431980539,public benchmark data
257,2021-02-24,google_wide,search,127823,291441,22357.6,2408,52,5,19060.0,google_wide,0.8262392731290381,9.28471760797342,429.9538461538461,4471.52,9.615384615384617,3812.0,0.8525065302179126,-14.749346978208749,public benchmark data
258,2021-02-24,youtube_blogger,influencer,10934,409320,22944.3,4508,65,14,111734.0,youtube_blogger,1.101338805824294,5.089685004436557,352.98923076923074,1638.8785714285714,21.53846153846154,7981.0,4.869793369159225,386.9793369159224,public benchmark data
259,2021-02-24,instagram_tier1,social,9034945,869482,23908.4,2703,42,7,36456.0,instagram_tier1,0.3108747507136433,8.845135035146134,569.2476190476191,3415.4857142857145,16.666666666666664,5208.0,1.5248197286309413,52.48197286309413,public benchmark data
260,2021-02-24,instagram_tier2,social,983498,624157,18675.0,5098,122,6,10590.0,instagram_tier2,0.8167816751234064,3.663201255394272,153.0737704918033,3112.5,4.918032786885246,1765.0,0.5670682730923695,-43.29317269076306,public benchmark data
261,2021-02-24,facebook_retargeting,social,4387490,8966,2857.1,297,6,1,4981.0,facebook_retargeting,3.312513941556993,9.61986531986532,476.1833333333333,2857.1,16.666666666666664,4981.0,1.7433761506422596,74.33761506422597,public benchmark data
262,2021-02-24,facebook_lal,social,544756,148794,48796.6,1196,38,6,8178.0,facebook_lal,0.803795851983279,40.79983277591973,1284.121052631579,8132.766666666666,15.789473684210526,1363.0,0.1675936438194464,-83.24063561805536,public benchmark data
263,2021-02-24,instagram_blogger,influencer,374754,355802,42311.5,2990,60,9,44829.0,instagram_blogger,0.8403550289205794,14.151003344481603,705.1916666666667,4701.277777777777,15.0,4981.0,1.059499190527398,5.949919052739799,public benchmark data
264,2021-02-24,banner_partner,media,39889,2770687,34169.9,4205,84,16,63696.0,banner_partner,0.1517674136414542,8.12601664684899,406.7845238095238,2135.61875,19.047619047619047,3981.0,1.864096763525793,86.40967635257931,public benchmark data
265,2021-02-25,facebook_tier1,social,349043,94600,11230.2,473,15,2,10104.0,facebook_tier1,0.5,23.74249471458774,748.6800000000001,5615.1,13.333333333333334,5052.0,0.8997168349628679,-10.028316503713208,public benchmark data
266,2021-02-25,facebOOK_tier2,social,348934,131400,10357.0,657,13,2,9962.0,facebook_tier2,0.5,15.76407914764079,796.6923076923077,5178.5,15.384615384615383,4981.0,0.9618615429178332,-3.813845708216665,public benchmark data
267,2021-02-25,google_hot,search,89459845,8750,1078.73,175,1,0,0.0,google_hot,2.0,6.164171428571429,1078.73,,0.0,,0.0,-100.0,public benchmark data
268,2021-02-25,google_wide,search,127823,61867,9472.22,487,19,2,5730.0,google_wide,0.7871724829068808,19.45014373716632,498.5378947368421,4736.11,10.526315789473683,2865.0,0.6049268281353263,-39.507317186467375,public benchmark data
269,2021-02-25,youtube_blogger,influencer,10934,94976,9034.91,904,22,5,38030.0,youtube_blogger,0.9518194070080862,9.994369469026548,410.6777272727273,1806.982,22.727272727272727,7606.0,4.209228426182441,320.92284261824415,public benchmark data
270,2021-02-25,instagram_tier1,social,9034945,106000,2304.01,530,6,1,5981.0,instagram_tier1,0.5,4.347188679245283,384.0016666666667,2304.01,16.666666666666664,5981.0,2.5959088719232986,159.5908871923299,public benchmark data
271,2021-02-25,instagram_tier2,social,983498,115468,2059.03,1015,20,1,1981.0,instagram_tier2,0.8790314199605085,2.028600985221675,102.9515,2059.03,5.0,1981.0,0.9621035147618052,-3.7896485238194777,public benchmark data
272,2021-02-25,facebook_retargeting,social,4387490,2214,1487.47,66,3,1,4461.0,facebook_retargeting,2.9810298102981028,22.537424242424244,495.8233333333333,1487.47,33.33333333333333,4461.0,2.9990520817226565,199.90520817226565,public benchmark data
273,2021-02-25,facebook_lal,social,544756,25000,5871.29,250,5,1,981.0,facebook_lal,1.0,23.48516,1174.258,5871.29,20.0,981.0,0.1670842353213689,-83.29157646786311,public benchmark data
274,2021-02-25,instagram_blogger,influencer,374754,46753,6227.53,591,12,2,10130.0,instagram_blogger,1.2640900049194703,10.537275803722505,518.9608333333333,3113.765,16.666666666666664,5065.0,1.6266481253402232,62.66481253402232,public benchmark data
275,2021-02-25,banner_partner,media,39889,2885291,7583.66,848,17,3,11943.0,banner_partner,0.0293904496981413,8.942995283018869,446.0976470588235,2527.8866666666668,17.647058823529413,3981.0,1.574833259929902,57.4833259929902,public benchmark data
276,2021-02-26,facebook_tier1,social,349043,168408,19887.7,1207,39,4,22488.0,facebook_tier1,0.7167117951641253,16.476967688483846,509.9410256410257,4971.925,10.256410256410255,5622.0,1.130749156513825,13.07491565138251,public benchmark data
277,2021-02-26,facebOOK_tier2,social,348934,438858,17935.4,1657,33,3,15345.0,facebook_tier2,0.3775708771402139,10.824019312009655,543.4969696969697,5978.466666666667,9.090909090909092,5115.0,0.8555705476320572,-14.44294523679428,public benchmark data
278,2021-02-26,google_hot,search,89459845,22450,1545.74,449,2,0,0.0,google_hot,2.0,3.442628062360802,772.87,,0.0,,0.0,-100.0,public benchmark data
279,2021-02-26,google_wide,search,127823,240600,4453.1,1203,11,1,2283.0,google_wide,0.5,3.7016625103906895,404.8272727272728,4453.1,9.090909090909092,2283.0,0.5126765623947362,-48.73234376052638,public benchmark data
280,2021-02-26,youtube_blogger,influencer,10934,195016,38804.2,2247,82,16,127696.0,youtube_blogger,1.1522131517413956,17.26933689363596,473.22195121951216,2425.2625,19.51219512195122,7981.0,3.290777802402833,229.0777802402833,public benchmark data
281,2021-02-26,instagram_tier1,social,9034945,174375,12592.4,1342,27,4,26556.0,instagram_tier1,0.7696057347670251,9.383308494783904,466.3851851851852,3148.1,14.814814814814811,6639.0,2.108891077157651,110.88910771576508,public benchmark data
282,2021-02-26,instagram_tier2,social,983498,508600,2403.54,2543,73,1,1981.0,instagram_tier2,0.5,0.94515926071569,32.92520547945205,2403.54,1.36986301369863,1981.0,0.8242009702355693,-17.57990297644308,public benchmark data
283,2021-02-26,facebook_retargeting,social,4387490,4906,1071.16,143,3,1,4981.0,facebook_retargeting,2.914798206278027,7.490629370629371,357.05333333333334,1071.16,33.33333333333333,4981.0,4.65009895813884,365.009895813884,public benchmark data
284,2021-02-26,facebook_lal,social,544756,55269,315.92,610,0,0,0.0,facebook_lal,1.1036928477084804,0.5179016393442624,,,,,0.0,-100.0,public benchmark data
285,2021-02-26,instagram_blogger,influencer,374754,192489,15596.0,1497,34,5,25205.0,instagram_blogger,0.7777067780496548,10.41816967267869,458.7058823529412,3119.2,14.705882352941178,5041.0,1.6161195178250831,61.611951782508335,public benchmark data
286,2021-02-26,banner_partner,media,39889,20930000,8087.73,2093,22,3,12213.0,banner_partner,0.01,3.8641806020066887,367.6240909090909,2695.91,13.636363636363637,4071.0,1.510065246985248,51.006524698524814,public benchmark data
287,2021-02-27,facebook_tier1,social,349043,213771,5003.33,241,9,1,4223.0,facebook_tier1,0.112737462050512,20.76070539419087,555.9255555555555,5003.33,11.11111111111111,4223.0,0.8440378707780618,-15.596212922193816,public benchmark data
288,2021-02-27,facebOOK_tier2,social,348934,66400,3235.77,332,13,0,0.0,facebook_tier2,0.5,9.74629518072289,248.9053846153846,,0.0,,0.0,-100.0,public benchmark data
289,2021-02-27,google_hot,search,89459845,4662,1754.25,83,2,0,0.0,google_hot,1.7803517803517803,21.1355421686747,877.125,,0.0,,0.0,-100.0,public benchmark data
290,2021-02-27,google_wide,search,127823,40004,1487.24,243,5,0,0.0,google_wide,0.6074392560743925,6.120329218106996,297.448,,0.0,,0.0,-100.0,public benchmark data
291,2021-02-27,youtube_blogger,influencer,10934,44000,5721.83,440,15,3,23943.0,youtube_blogger,1.0,13.004159090909091,381.4553333333333,1907.2766666666664,20.0,7981.0,4.184500413329302,318.4500413329302,public benchmark data
292,2021-02-27,instagram_tier1,social,9034945,44112,1832.16,275,6,1,5981.0,instagram_tier1,0.6234131302140007,6.6624,305.36,1832.16,16.666666666666664,5981.0,3.2644528862108118,226.44528862108112,public benchmark data
293,2021-02-27,instagram_tier2,social,983498,78799,254.14,503,3,0,0.0,instagram_tier2,0.6383329737687026,0.505248508946322,84.71333333333332,,0.0,,0.0,-100.0,public benchmark data
294,2021-02-27,facebook_retargeting,social,4387490,667,200.42,20,0,0,0.0,facebook_retargeting,2.998500749625187,10.021,,,,,0.0,-100.0,public benchmark data
295,2021-02-27,facebook_lal,social,544756,13693,3098.45,115,2,0,0.0,facebook_lal,0.8398451763674871,26.94304347826087,1549.225,,0.0,,0.0,-100.0,public benchmark data
296,2021-02-27,instagram_blogger,influencer,374754,24018,3524.08,298,6,1,4661.0,instagram_blogger,1.2407361145807312,11.825771812080538,587.3466666666667,3524.08,16.666666666666664,4661.0,1.3226146966016663,32.261469660166625,public benchmark data
297,2021-02-27,banner_partner,media,39889,182546,2791.06,426,9,1,3981.0,banner_partner,0.2333658365562652,6.5517840375586855,310.11777777777775,2791.06,11.11111111111111,3981.0,1.4263398135475411,42.633981354754106,public benchmark data
298,2021-02-28,facebook_tier1,social,349043,97200,6440.5,486,11,1,4981.0,facebook_tier1,0.5,13.252057613168724,585.5,6440.5,9.090909090909092,4981.0,0.7733871593820355,-22.661284061796444,public benchmark data
299,2021-02-28,facebOOK_tier2,social,348934,132200,8665.55,661,13,1,5509.0,facebook_tier2,0.5,13.109757942511346,666.5807692307692,8665.55,7.6923076923076925,5509.0,0.6357357582611606,-36.42642417388394,public benchmark data
300,2021-02-28,google_hot,search,89459845,11554,3529.73,187,5,1,8714.0,google_hot,1.6184871040332351,18.875561497326203,705.946,3529.73,20.0,8714.0,2.46874406824318,146.87440682431802,public benchmark data
301,2021-02-28,google_wide,search,127823,55625,384.75,487,1,0,0.0,google_wide,0.875505617977528,0.7900410677618069,384.75,,0.0,,0.0,-100.0,public benchmark data
302,2021-02-28,youtube_blogger,influencer,10934,129025,9892.77,909,21,5,37450.0,youtube_blogger,0.7045146289478783,10.883135313531351,471.0842857142857,1978.554,23.809523809523807,7490.0,3.785592912803997,278.5592912803997,public benchmark data
303,2021-02-28,instagram_tier1,social,9034945,63566,4950.74,546,12,1,5981.0,instagram_tier1,0.8589497530126169,9.067289377289375,412.56166666666667,4950.74,8.333333333333332,5981.0,1.2081022231020009,20.810222310200096,public benchmark data
304,2021-02-28,instagram_tier2,social,983498,775780,760.75,1024,4,0,0.0,instagram_tier2,0.1319961844852922,0.742919921875,190.1875,,0.0,,0.0,-100.0,public benchmark data
305,2021-02-28,facebook_retargeting,social,4387490,1933,224.81,58,0,0,0.0,facebook_retargeting,3.0005173305742368,3.876034482758621,,,,,0.0,-100.0,public benchmark data
306,2021-02-28,facebook_lal,social,544756,25840,6844.8,248,5,1,1491.0,facebook_lal,0.959752321981424,27.6,1368.96,6844.8,20.0,1491.0,0.2178295932678821,-78.21704067321178,public benchmark data
307,2021-02-28,instagram_blogger,influencer,374754,94058,4845.65,594,12,1,5008.0,instagram_blogger,0.6315252291139509,8.157659932659932,403.8041666666666,4845.65,8.333333333333332,5008.0,1.0335042770319771,3.350427703197721,public benchmark data
308,2021-02-28,banner_partner,media,39889,8490000,6822.62,849,18,2,7030.0,banner_partner,0.01,8.036065959952886,379.0344444444444,3411.31,11.11111111111111,3515.0,1.0303959475978437,3.0395947597843658,public benchmark data
