Order_Quarter,PO_count,Spend_negotiated,Savings,Savings_pct,Compliance_rate_pct,Avg_lead_time_days,Defect_rate_pct,Cancel_rate_pct,data_source
2022Q1,99.0,5506597.899999999,460630.39,7.719335805736366,90.9090909090909,11.080459770114942,5.389327105274754,8.080808080808081,public benchmark data
2022Q2,94.0,4667421.91,414221.4999999999,8.15132953219163,89.36170212765957,9.802469135802468,7.002976456611439,6.382978723404255,public benchmark data
2022Q3,113.0,5798825.23,468469.0799999999,7.474821778395148,76.99115044247787,11.597938144329897,6.874009927130636,5.3097345132743365,public benchmark data
2022Q4,90.0,5488483.619999999,500047.36,8.350083879836587,75.55555555555556,10.727272727272728,6.99038749683041,6.666666666666667,public benchmark data
2023Q1,97.0,6795289.46,595366.1000000001,8.055660220755843,84.5360824742268,11.406593406593409,6.2126795814200975,9.278350515463918,public benchmark data
2023Q2,79.0,4617676.400000001,412816.58,8.20628478443876,82.27848101265823,11.185714285714283,7.474788870512127,5.063291139240507,public benchmark data
2023Q3,104.0,6606540.460000001,577638.2999999999,8.04042214562044,84.61538461538461,10.288659793814434,7.360474521434349,13.461538461538462,public benchmark data
2023Q4,99.0,5723530.0600000005,485416.6599999998,7.818019414410434,74.74747474747475,10.340909090909092,7.310309442075816,10.1010101010101,public benchmark data
2024Q1,2.0,169331.34999999998,16520.500000000015,8.889069438910624,100.0,3.0,9.140625,0.0,public benchmark data
