process_id,case_type,step_no,activity,team,optional,condition
HR-TAL-001,planning_submission,1,Issue planning calendar & templates,HR Business Partner,False,
HR-TAL-001,planning_submission,2,Submit location/function requirements,Plant HR Manager / Function Head,False,
HR-TAL-001,planning_submission,3,Validate against revenue forecast,Finance Business Partner,False,
HR-TAL-001,planning_submission,4,Model diversity & attrition scenarios,D&I Lead,False,
HR-TAL-001,planning_submission,5,Consolidate & review with CHRO,HR Business Partner,False,
HR-TAL-001,planning_submission,6,ExCo / Board approval,Chief HR Officer,False,
HR-TAL-001,planning_submission,7,Publish approved budget into HRIS,HR Business Partner,False,
HR-TAL-002,hire,1,Release requisition,Talent Acquisition Partner,False,
HR-TAL-002,hire,2,Source & screen candidates,Talent Acquisition Partner,False,
HR-TAL-002,hire,3,Interview & offer,Reporting Manager / TA Partner,False,
HR-TAL-002,hire,4,Onboard in HRIS,HR Shared Services,False,
HR-TAL-002,hire,5,Induction & role setup,Plant HR Manager / L&D,False,
HR-TAL-002,exit,1,Exit trigger recorded,HR Shared Services,False,
HR-TAL-002,exit,2,Exit processing,Payroll Team,False,
SCM-ECO-001,vendor_onboarding,1,Vendor identification,Category Buyer,False,
SCM-ECO-001,vendor_onboarding,2,RPP documentation submission,Prospective Vendor,False,
SCM-ECO-001,vendor_onboarding,3,RPP compliance assessment,Responsible Sourcing Analyst,False,
SCM-ECO-001,vendor_onboarding,4,On-site audit,Third-Party Auditor,True,Only for High risk_rating vendors or spend > Rs 5 Cr/yr (SCM-ECO-001 Business Rules)
SCM-ECO-001,vendor_onboarding,5,Commercial & compliance approval,Category Manager / CPO,False,
SCM-ECO-001,vendor_onboarding,6,Vendor master creation,Category Buyer,False,
SCM-ECO-002,partner_onboarding,1,Coverage gap identification,Rural Sales Development Officer,False,
SCM-ECO-002,partner_onboarding,2,Candidate identification & screening,Rural Sales Development Officer,False,
SCM-ECO-002,partner_onboarding,3,Orientation & training,Rural Sales Development Officer,False,
SCM-ECO-002,partner_onboarding,4,Credit linkage & initial stock,Micro-credit Coordinator,False,
SCM-ECO-002,partner_onboarding,5,Partner activation in RDMS,Area Distribution Manager,False,
SCM-ECO-002,order_fulfilment,1,Monthly order placement,Shakti Partner,False,
SCM-ECO-002,order_fulfilment,2,Order fulfillment & delivery,Logistics / Rural Sales Officer,False,
